date,alert_type,severity,confidence,action_required
2000-01-01,DROUGHT,HIGH,0.8125,"Monitor water resources, prepare irrigation"
2000-01-01,DROUGHT,HIGH,0.8125,"Monitor water resources, prepare irrigation"
2000-01-01,DROUGHT,MEDIUM,0.4375,"Monitor water resources, prepare irrigation"
2000-01-01,DROUGHT,MEDIUM,0.625,"Monitor water resources, prepare irrigation"
2000-01-01,DROUGHT,MEDIUM,0.625,"Monitor water resources, prepare irrigation"
2000-01-01,DROUGHT,MEDIUM,0.4375,"Monitor water resources, prepare irrigation"
2000-02-01,DROUGHT,MEDIUM,0.625,"Monitor water resources, prepare irrigation"
2000-02-01,DROUGHT,HIGH,0.8125,"Monitor water resources, prepare irrigation"
2000-02-01,DROUGHT,MEDIUM,0.4375,"Monitor water resources, prepare irrigation"
2000-02-01,DROUGHT,MEDIUM,0.4375,"Monitor water resources, prepare irrigation"
2000-02-01,CROP_FAILURE,LOW,0.15,"Assess crop damage, initiate insurance claims"
2000-02-01,DROUGHT,MEDIUM,0.4375,"Monitor water resources, prepare irrigation"
2000-02-01,DROUGHT,MEDIUM,0.4375,"Monitor water resources, prepare irrigation"
2000-03-01,DROUGHT,MEDIUM,0.4375,"Monitor water resources, prepare irrigation"
2000-03-01,DROUGHT,MEDIUM,0.4375,"Monitor water resources, prepare irrigation"
2000-03-01,DROUGHT,MEDIUM,0.4375,"Monitor water resources, prepare irrigation"
2000-03-01,DROUGHT,MEDIUM,0.4375,"Monitor water resources, prepare irrigation"
2000-03-01,CROP_FAILURE,LOW,0.15,"Assess crop damage, initiate insurance claims"
2000-03-01,DROUGHT,MEDIUM,0.4375,"Monitor water resources, prepare irrigation"
2000-03-01,DROUGHT,MEDIUM,0.4375,"Monitor water resources, prepare irrigation"
2000-04-01,DROUGHT,MEDIUM,0.4375,"Monitor water resources, prepare irrigation"
2000-04-01,DROUGHT,MEDIUM,0.4375,"Monitor water resources, prepare irrigation"
2000-04-01,DROUGHT,MEDIUM,0.4375,"Monitor water resources, prepare irrigation"
2000-04-01,DROUGHT,MEDIUM,0.4375,"Monitor water resources, prepare irrigation"
2000-04-01,DROUGHT,MEDIUM,0.4375,"Monitor water resources, prepare irrigation"
2000-04-01,DROUGHT,MEDIUM,0.625,"Monitor water resources, prepare irrigation"
2000-05-01,DROUGHT,HIGH,0.8125,"Monitor water resources, prepare irrigation"
2000-05-01,DROUGHT,MEDIUM,0.625,"Monitor water resources, prepare irrigation"
2000-05-01,DROUGHT,MEDIUM,0.625,"Monitor water resources, prepare irrigation"
2000-05-01,DROUGHT,MEDIUM,0.625,"Monitor water resources, prepare irrigation"
2000-05-01,CROP_FAILURE,LOW,0.15,"Assess crop damage, initiate insurance claims"
2000-05-01,DROUGHT,MEDIUM,0.4375,"Monitor water resources, prepare irrigation"
2000-05-01,DROUGHT,HIGH,0.8125,"Monitor water resources, prepare irrigation"
2000-05-01,CROP_FAILURE,LOW,0.15,"Assess crop damage, initiate insurance claims"
2000-06-01,DROUGHT,MEDIUM,0.4375,"Monitor water resources, prepare irrigation"
2000-06-01,DROUGHT,MEDIUM,0.4375,"Monitor water resources, prepare irrigation"
2000-06-01,DROUGHT,MEDIUM,0.625,"Monitor water resources, prepare irrigation"
2000-06-01,DROUGHT,MEDIUM,0.625,"Monitor water resources, prepare irrigation"
2000-06-01,CROP_FAILURE,LOW,0.15,"Assess crop damage, initiate insurance claims"
2000-06-01,DROUGHT,MEDIUM,0.4375,"Monitor water resources, prepare irrigation"
2000-06-01,DROUGHT,MEDIUM,0.625,"Monitor water resources, prepare irrigation"
2000-06-01,CROP_FAILURE,LOW,0.15,"Assess crop damage, initiate insurance claims"
2000-07-01,DROUGHT,MEDIUM,0.4375,"Monitor water resources, prepare irrigation"
2000-07-01,DROUGHT,MEDIUM,0.4375,"Monitor water resources, prepare irrigation"
2000-07-01,DROUGHT,MEDIUM,0.625,"Monitor water resources, prepare irrigation"
2000-07-01,DROUGHT,MEDIUM,0.4375,"Monitor water resources, prepare irrigation"
2000-07-01,CROP_FAILURE,LOW,0.15,"Assess crop damage, initiate insurance claims"
2000-07-01,DROUGHT,MEDIUM,0.4375,"Monitor water resources, prepare irrigation"
2000-07-01,CROP_FAILURE,LOW,0.15,"Assess crop damage, initiate insurance claims"
2000-07-01,DROUGHT,MEDIUM,0.625,"Monitor water resources, prepare irrigation"
2000-07-01,CROP_FAILURE,LOW,0.15,"Assess crop damage, initiate insurance claims"
2000-08-01,DROUGHT,MEDIUM,0.4375,"Monitor water resources, prepare irrigation"
2000-08-01,DROUGHT,MEDIUM,0.4375,"Monitor water resources, prepare irrigation"
2000-08-01,DROUGHT,MEDIUM,0.625,"Monitor water resources, prepare irrigation"
2000-08-01,DROUGHT,MEDIUM,0.4375,"Monitor water resources, prepare irrigation"
2000-08-01,CROP_FAILURE,LOW,0.15,"Assess crop damage, initiate insurance claims"
2000-08-01,DROUGHT,MEDIUM,0.4375,"Monitor water resources, prepare irrigation"
2000-08-01,CROP_FAILURE,LOW,0.15,"Assess crop damage, initiate insurance claims"
2000-08-01,DROUGHT,MEDIUM,0.4375,"Monitor water resources, prepare irrigation"
2000-09-01,DROUGHT,MEDIUM,0.4375,"Monitor water resources, prepare irrigation"
2000-09-01,DROUGHT,MEDIUM,0.625,"Monitor water resources, prepare irrigation"
2000-09-01,DROUGHT,MEDIUM,0.625,"Monitor water resources, prepare irrigation"
2000-09-01,DROUGHT,MEDIUM,0.625,"Monitor water resources, prepare irrigation"
2000-09-01,CROP_FAILURE,LOW,0.15,"Assess crop damage, initiate insurance claims"
2000-09-01,DROUGHT,MEDIUM,0.4375,"Monitor water resources, prepare irrigation"
2000-09-01,DROUGHT,HIGH,0.8125,"Monitor water resources, prepare irrigation"
2000-09-01,CROP_FAILURE,LOW,0.15,"Assess crop damage, initiate insurance claims"
2000-10-01,DROUGHT,HIGH,0.8125,"Monitor water resources, prepare irrigation"
2000-10-01,CROP_FAILURE,LOW,0.15,"Assess crop damage, initiate insurance claims"
2000-10-01,DROUGHT,HIGH,0.8125,"Monitor water resources, prepare irrigation"
2000-10-01,DROUGHT,MEDIUM,0.625,"Monitor water resources, prepare irrigation"
2000-10-01,DROUGHT,MEDIUM,0.4375,"Monitor water resources, prepare irrigation"
2000-10-01,DROUGHT,MEDIUM,0.625,"Monitor water resources, prepare irrigation"
2000-10-01,DROUGHT,MEDIUM,0.4375,"Monitor water resources, prepare irrigation"
2000-10-01,CROP_FAILURE,LOW,0.15,"Assess crop damage, initiate insurance claims"
2000-11-01,DROUGHT,MEDIUM,0.4375,"Monitor water resources, prepare irrigation"
2000-11-01,CROP_FAILURE,LOW,0.15,"Assess crop damage, initiate insurance claims"
2000-11-01,DROUGHT,MEDIUM,0.4375,"Monitor water resources, prepare irrigation"
2000-11-01,DROUGHT,MEDIUM,0.4375,"Monitor water resources, prepare irrigation"
2000-11-01,DROUGHT,MEDIUM,0.4375,"Monitor water resources, prepare irrigation"
2000-11-01,DROUGHT,MEDIUM,0.4375,"Monitor water resources, prepare irrigation"
2000-11-01,DROUGHT,MEDIUM,0.4375,"Monitor water resources, prepare irrigation"
2000-12-01,DROUGHT,MEDIUM,0.4375,"Monitor water resources, prepare irrigation"
2000-12-01,DROUGHT,MEDIUM,0.4375,"Monitor water resources, prepare irrigation"
2000-12-01,DROUGHT,MEDIUM,0.4375,"Monitor water resources, prepare irrigation"
2000-12-01,DROUGHT,MEDIUM,0.4375,"Monitor water resources, prepare irrigation"
2000-12-01,FLOOD,MEDIUM,0.4375,"Prepare drainage, protect crops"
2000-12-01,DROUGHT,MEDIUM,0.4375,"Monitor water resources, prepare irrigation"
2000-12-01,DROUGHT,MEDIUM,0.4375,"Monitor water resources, prepare irrigation"
2001-01-01,DROUGHT,MEDIUM,0.4375,"Monitor water resources, prepare irrigation"
2001-01-01,DROUGHT,MEDIUM,0.4375,"Monitor water resources, prepare irrigation"
2001-01-01,DROUGHT,MEDIUM,0.4375,"Monitor water resources, prepare irrigation"
2001-01-01,DROUGHT,MEDIUM,0.4375,"Monitor water resources, prepare irrigation"
2001-01-01,FLOOD,MEDIUM,0.625,"Prepare drainage, protect crops"
2001-01-01,CROP_FAILURE,LOW,0.15,"Assess crop damage, initiate insurance claims"
2001-01-01,DROUGHT,MEDIUM,0.4375,"Monitor water resources, prepare irrigation"
2001-01-01,DROUGHT,MEDIUM,0.4375,"Monitor water resources, prepare irrigation"
2001-02-01,DROUGHT,MEDIUM,0.4375,"Monitor water resources, prepare irrigation"
2001-02-01,DROUGHT,MEDIUM,0.4375,"Monitor water resources, prepare irrigation"
2001-02-01,DROUGHT,MEDIUM,0.4375,"Monitor water resources, prepare irrigation"
2001-02-01,DROUGHT,MEDIUM,0.4375,"Monitor water resources, prepare irrigation"
2001-02-01,DROUGHT,MEDIUM,0.4375,"Monitor water resources, prepare irrigation"
2001-02-01,DROUGHT,MEDIUM,0.4375,"Monitor water resources, prepare irrigation"
2001-03-01,DROUGHT,MEDIUM,0.4375,"Monitor water resources, prepare irrigation"
2001-03-01,DROUGHT,MEDIUM,0.4375,"Monitor water resources, prepare irrigation"
2001-03-01,DROUGHT,HIGH,0.8125,"Monitor water resources, prepare irrigation"
2001-03-01,DROUGHT,MEDIUM,0.625,"Monitor water resources, prepare irrigation"
2001-03-01,FLOOD,MEDIUM,0.4375,"Prepare drainage, protect crops"
2001-03-01,DROUGHT,MEDIUM,0.4375,"Monitor water resources, prepare irrigation"
2001-03-01,DROUGHT,MEDIUM,0.4375,"Monitor water resources, prepare irrigation"
2001-04-01,DROUGHT,MEDIUM,0.4375,"Monitor water resources, prepare irrigation"
2001-04-01,DROUGHT,MEDIUM,0.4375,"Monitor water resources, prepare irrigation"
2001-04-01,FLOOD,MEDIUM,0.4375,"Prepare drainage, protect crops"
2001-04-01,DROUGHT,MEDIUM,0.4375,"Monitor water resources, prepare irrigation"
2001-04-01,DROUGHT,MEDIUM,0.625,"Monitor water resources, prepare irrigation"
2001-04-01,FLOOD,MEDIUM,0.4375,"Prepare drainage, protect crops"
2001-04-01,DROUGHT,MEDIUM,0.4375,"Monitor water resources, prepare irrigation"
2001-04-01,DROUGHT,MEDIUM,0.4375,"Monitor water resources, prepare irrigation"
2001-05-01,DROUGHT,MEDIUM,0.4375,"Monitor water resources, prepare irrigation"
2001-05-01,DROUGHT,MEDIUM,0.4375,"Monitor water resources, prepare irrigation"
2001-05-01,DROUGHT,MEDIUM,0.625,"Monitor water resources, prepare irrigation"
2001-05-01,DROUGHT,MEDIUM,0.4375,"Monitor water resources, prepare irrigation"
2001-05-01,FLOOD,MEDIUM,0.4375,"Prepare drainage, protect crops"
2001-05-01,DROUGHT,MEDIUM,0.4375,"Monitor water resources, prepare irrigation"
2001-05-01,DROUGHT,MEDIUM,0.4375,"Monitor water resources, prepare irrigation"
2001-06-01,DROUGHT,MEDIUM,0.4375,"Monitor water resources, prepare irrigation"
2001-06-01,CROP_FAILURE,LOW,0.15,"Assess crop damage, initiate insurance claims"
2001-06-01,DROUGHT,MEDIUM,0.4375,"Monitor water resources, prepare irrigation"
2001-06-01,DROUGHT,MEDIUM,0.625,"Monitor water resources, prepare irrigation"
2001-06-01,DROUGHT,MEDIUM,0.625,"Monitor water resources, prepare irrigation"
2001-06-01,DROUGHT,MEDIUM,0.4375,"Monitor water resources, prepare irrigation"
2001-06-01,DROUGHT,MEDIUM,0.625,"Monitor water resources, prepare irrigation"
2001-07-01,DROUGHT,MEDIUM,0.4375,"Monitor water resources, prepare irrigation"
2001-07-01,DROUGHT,MEDIUM,0.4375,"Monitor water resources, prepare irrigation"
2001-07-01,DROUGHT,MEDIUM,0.625,"Monitor water resources, prepare irrigation"
2001-07-01,DROUGHT,MEDIUM,0.4375,"Monitor water resources, prepare irrigation"
2001-07-01,DROUGHT,MEDIUM,0.4375,"Monitor water resources, prepare irrigation"
2001-07-01,DROUGHT,MEDIUM,0.4375,"Monitor water resources, prepare irrigation"
2001-08-01,DROUGHT,MEDIUM,0.625,"Monitor water resources, prepare irrigation"
2001-08-01,DROUGHT,MEDIUM,0.625,"Monitor water resources, prepare irrigation"
2001-08-01,DROUGHT,MEDIUM,0.625,"Monitor water resources, prepare irrigation"
2001-08-01,DROUGHT,MEDIUM,0.4375,"Monitor water resources, prepare irrigation"
2001-08-01,DROUGHT,HIGH,0.8125,"Monitor water resources, prepare irrigation"
2001-08-01,DROUGHT,MEDIUM,0.4375,"Monitor water resources, prepare irrigation"
2001-09-01,DROUGHT,MEDIUM,0.625,"Monitor water resources, prepare irrigation"
2001-09-01,DROUGHT,HIGH,0.8125,"Monitor water resources, prepare irrigation"
2001-09-01,DROUGHT,MEDIUM,0.625,"Monitor water resources, prepare irrigation"
2001-09-01,DROUGHT,MEDIUM,0.4375,"Monitor water resources, prepare irrigation"
2001-09-01,DROUGHT,HIGH,0.8125,"Monitor water resources, prepare irrigation"
2001-09-01,DROUGHT,MEDIUM,0.4375,"Monitor water resources, prepare irrigation"
2001-10-01,DROUGHT,MEDIUM,0.4375,"Monitor water resources, prepare irrigation"
2001-10-01,DROUGHT,MEDIUM,0.625,"Monitor water resources, prepare irrigation"
2001-10-01,DROUGHT,MEDIUM,0.625,"Monitor water resources, prepare irrigation"
2001-10-01,DROUGHT,MEDIUM,0.4375,"Monitor water resources, prepare irrigation"
2001-10-01,DROUGHT,MEDIUM,0.4375,"Monitor water resources, prepare irrigation"
2001-10-01,DROUGHT,MEDIUM,0.4375,"Monitor water resources, prepare irrigation"
2001-11-01,DROUGHT,MEDIUM,0.4375,"Monitor water resources, prepare irrigation"
2001-11-01,DROUGHT,HIGH,0.8125,"Monitor water resources, prepare irrigation"
2001-11-01,DROUGHT,HIGH,0.8125,"Monitor water resources, prepare irrigation"
2001-11-01,DROUGHT,HIGH,0.8125,"Monitor water resources, prepare irrigation"
2001-11-01,DROUGHT,MEDIUM,0.625,"Monitor water resources, prepare irrigation"
2001-11-01,DROUGHT,MEDIUM,0.4375,"Monitor water resources, prepare irrigation"
2001-12-01,DROUGHT,HIGH,0.8125,"Monitor water resources, prepare irrigation"
2001-12-01,DROUGHT,MEDIUM,0.4375,"Monitor water resources, prepare irrigation"
2001-12-01,CROP_FAILURE,LOW,0.15,"Assess crop damage, initiate insurance claims"
2001-12-01,DROUGHT,MEDIUM,0.4375,"Monitor water resources, prepare irrigation"
2001-12-01,DROUGHT,MEDIUM,0.4375,"Monitor water resources, prepare irrigation"
2001-12-01,DROUGHT,MEDIUM,0.4375,"Monitor water resources, prepare irrigation"
2001-12-01,DROUGHT,MEDIUM,0.4375,"Monitor water resources, prepare irrigation"
2002-01-01,DROUGHT,MEDIUM,0.4375,"Monitor water resources, prepare irrigation"
2002-01-01,DROUGHT,MEDIUM,0.4375,"Monitor water resources, prepare irrigation"
2002-01-01,FLOOD,MEDIUM,0.4375,"Prepare drainage, protect crops"
2002-01-01,DROUGHT,MEDIUM,0.4375,"Monitor water resources, prepare irrigation"
2002-01-01,DROUGHT,MEDIUM,0.4375,"Monitor water resources, prepare irrigation"
2002-02-01,DROUGHT,MEDIUM,0.4375,"Monitor water resources, prepare irrigation"
2002-02-01,DROUGHT,MEDIUM,0.4375,"Monitor water resources, prepare irrigation"
2002-03-01,FLOOD,MEDIUM,0.4375,"Prepare drainage, protect crops"
2002-03-01,CROP_FAILURE,LOW,0.15,"Assess crop damage, initiate insurance claims"
2002-04-01,FLOOD,MEDIUM,0.4375,"Prepare drainage, protect crops"
2002-04-01,FLOOD,MEDIUM,0.4375,"Prepare drainage, protect crops"
2002-05-01,FLOOD,MEDIUM,0.4375,"Prepare drainage, protect crops"
2002-06-01,FLOOD,MEDIUM,0.4375,"Prepare drainage, protect crops"
2003-03-01,CROP_FAILURE,LOW,0.15,"Assess crop damage, initiate insurance claims"
2003-05-01,CROP_FAILURE,LOW,0.15,"Assess crop damage, initiate insurance claims"
2003-09-01,DROUGHT,MEDIUM,0.625,"Monitor water resources, prepare irrigation"
2003-10-01,DROUGHT,MEDIUM,0.4375,"Monitor water resources, prepare irrigation"
2003-10-01,DROUGHT,MEDIUM,0.4375,"Monitor water resources, prepare irrigation"
2003-11-01,DROUGHT,MEDIUM,0.625,"Monitor water resources, prepare irrigation"
2003-11-01,DROUGHT,HIGH,0.8125,"Monitor water resources, prepare irrigation"
2003-11-01,DROUGHT,HIGH,0.8125,"Monitor water resources, prepare irrigation"
2003-12-01,CROP_FAILURE,LOW,0.15,"Assess crop damage, initiate insurance claims"
2003-12-01,DROUGHT,HIGH,0.8125,"Monitor water resources, prepare irrigation"
2003-12-01,DROUGHT,MEDIUM,0.625,"Monitor water resources, prepare irrigation"
2003-12-01,CROP_FAILURE,LOW,0.15,"Assess crop damage, initiate insurance claims"
2004-04-01,FLOOD,MEDIUM,0.4375,"Prepare drainage, protect crops"
2004-08-01,CROP_FAILURE,LOW,0.15,"Assess crop damage, initiate insurance claims"
2004-08-01,DROUGHT,MEDIUM,0.625,"Monitor water resources, prepare irrigation"
2004-09-01,DROUGHT,MEDIUM,0.625,"Monitor water resources, prepare irrigation"
2004-10-01,DROUGHT,MEDIUM,0.4375,"Monitor water resources, prepare irrigation"
2004-10-01,DROUGHT,MEDIUM,0.625,"Monitor water resources, prepare irrigation"
2004-10-01,DROUGHT,MEDIUM,0.4375,"Monitor water resources, prepare irrigation"
2004-10-01,DROUGHT,MEDIUM,0.4375,"Monitor water resources, prepare irrigation"
2004-11-01,DROUGHT,MEDIUM,0.4375,"Monitor water resources, prepare irrigation"
2004-11-01,DROUGHT,MEDIUM,0.4375,"Monitor water resources, prepare irrigation"
2004-11-01,DROUGHT,MEDIUM,0.4375,"Monitor water resources, prepare irrigation"
2004-11-01,DROUGHT,MEDIUM,0.4375,"Monitor water resources, prepare irrigation"
2004-11-01,DROUGHT,MEDIUM,0.4375,"Monitor water resources, prepare irrigation"
2004-12-01,FLOOD,MEDIUM,0.4375,"Prepare drainage, protect crops"
2005-01-01,FLOOD,MEDIUM,0.4375,"Prepare drainage, protect crops"
2005-03-01,FLOOD,MEDIUM,0.4375,"Prepare drainage, protect crops"
2005-04-01,FLOOD,MEDIUM,0.4375,"Prepare drainage, protect crops"
2005-05-01,CROP_FAILURE,LOW,0.15,"Assess crop damage, initiate insurance claims"
2005-05-01,FLOOD,MEDIUM,0.4375,"Prepare drainage, protect crops"
2005-05-01,FLOOD,MEDIUM,0.4375,"Prepare drainage, protect crops"
2005-08-01,CROP_FAILURE,LOW,0.15,"Assess crop damage, initiate insurance claims"
2005-09-01,DROUGHT,MEDIUM,0.625,"Monitor water resources, prepare irrigation"
2005-09-01,CROP_FAILURE,LOW,0.15,"Assess crop damage, initiate insurance claims"
2005-09-01,DROUGHT,MEDIUM,0.4375,"Monitor water resources, prepare irrigation"
2005-10-01,DROUGHT,MEDIUM,0.4375,"Monitor water resources, prepare irrigation"
2005-10-01,CROP_FAILURE,LOW,0.15,"Assess crop damage, initiate insurance claims"
2005-10-01,DROUGHT,MEDIUM,0.625,"Monitor water resources, prepare irrigation"
2005-11-01,DROUGHT,MEDIUM,0.625,"Monitor water resources, prepare irrigation"
2005-11-01,DROUGHT,MEDIUM,0.625,"Monitor water resources, prepare irrigation"
2005-11-01,DROUGHT,MEDIUM,0.625,"Monitor water resources, prepare irrigation"
2005-11-01,CROP_FAILURE,LOW,0.15,"Assess crop damage, initiate insurance claims"
2005-12-01,DROUGHT,HIGH,0.8125,"Monitor water resources, prepare irrigation"
2005-12-01,CROP_FAILURE,LOW,0.15,"Assess crop damage, initiate insurance claims"
2005-12-01,CROP_FAILURE,LOW,0.15,"Assess crop damage, initiate insurance claims"
2005-12-01,DROUGHT,HIGH,0.8125,"Monitor water resources, prepare irrigation"
2005-12-01,DROUGHT,HIGH,0.8125,"Monitor water resources, prepare irrigation"
2005-12-01,CROP_FAILURE,LOW,0.15,"Assess crop damage, initiate insurance claims"
2006-01-01,DROUGHT,MEDIUM,0.625,"Monitor water resources, prepare irrigation"
2006-01-01,CROP_FAILURE,LOW,0.15,"Assess crop damage, initiate insurance claims"
2006-01-01,CROP_FAILURE,LOW,0.15,"Assess crop damage, initiate insurance claims"
2006-01-01,CROP_FAILURE,LOW,0.15,"Assess crop damage, initiate insurance claims"
2006-01-01,DROUGHT,HIGH,0.8125,"Monitor water resources, prepare irrigation"
2006-01-01,CROP_FAILURE,LOW,0.15,"Assess crop damage, initiate insurance claims"
2006-01-01,CROP_FAILURE,LOW,0.15,"Assess crop damage, initiate insurance claims"
2006-02-01,DROUGHT,MEDIUM,0.4375,"Monitor water resources, prepare irrigation"
2006-02-01,CROP_FAILURE,LOW,0.15,"Assess crop damage, initiate insurance claims"
2006-02-01,CROP_FAILURE,LOW,0.15,"Assess crop damage, initiate insurance claims"
2006-02-01,CROP_FAILURE,LOW,0.15,"Assess crop damage, initiate insurance claims"
2006-02-01,DROUGHT,MEDIUM,0.4375,"Monitor water resources, prepare irrigation"
2006-02-01,CROP_FAILURE,LOW,0.15,"Assess crop damage, initiate insurance claims"
2006-04-01,FLOOD,MEDIUM,0.4375,"Prepare drainage, protect crops"
2006-04-01,FLOOD,MEDIUM,0.4375,"Prepare drainage, protect crops"
2006-08-01,DROUGHT,MEDIUM,0.625,"Monitor water resources, prepare irrigation"
2006-09-01,DROUGHT,MEDIUM,0.625,"Monitor water resources, prepare irrigation"
2006-10-01,DROUGHT,MEDIUM,0.625,"Monitor water resources, prepare irrigation"
2006-10-01,DROUGHT,MEDIUM,0.4375,"Monitor water resources, prepare irrigation"
2006-10-01,CROP_FAILURE,LOW,0.15,"Assess crop damage, initiate insurance claims"
2006-11-01,DROUGHT,MEDIUM,0.4375,"Monitor water resources, prepare irrigation"
2006-11-01,CROP_FAILURE,LOW,0.15,"Assess crop damage, initiate insurance claims"
2006-11-01,CROP_FAILURE,LOW,0.15,"Assess crop damage, initiate insurance claims"
2006-11-01,FLOOD,MEDIUM,0.625,"Prepare drainage, protect crops"
2006-11-01,CROP_FAILURE,LOW,0.15,"Assess crop damage, initiate insurance claims"
2006-12-01,FLOOD,MEDIUM,0.4375,"Prepare drainage, protect crops"
2006-12-01,FLOOD,MEDIUM,0.625,"Prepare drainage, protect crops"
2006-12-01,FLOOD,MEDIUM,0.625,"Prepare drainage, protect crops"
2006-12-01,CROP_FAILURE,LOW,0.15,"Assess crop damage, initiate insurance claims"
2006-12-01,FLOOD,MEDIUM,0.625,"Prepare drainage, protect crops"
2006-12-01,CROP_FAILURE,LOW,0.15,"Assess crop damage, initiate insurance claims"
2007-04-01,FLOOD,MEDIUM,0.4375,"Prepare drainage, protect crops"
2007-04-01,FLOOD,MEDIUM,0.4375,"Prepare drainage, protect crops"
2007-05-01,FLOOD,MEDIUM,0.4375,"Prepare drainage, protect crops"
2007-05-01,FLOOD,MEDIUM,0.4375,"Prepare drainage, protect crops"
2007-09-01,DROUGHT,MEDIUM,0.625,"Monitor water resources, prepare irrigation"
2007-10-01,DROUGHT,MEDIUM,0.625,"Monitor water resources, prepare irrigation"
2007-11-01,DROUGHT,MEDIUM,0.625,"Monitor water resources, prepare irrigation"
2007-12-01,FLOOD,MEDIUM,0.4375,"Prepare drainage, protect crops"
2008-03-01,FLOOD,MEDIUM,0.4375,"Prepare drainage, protect crops"
2008-04-01,FLOOD,MEDIUM,0.4375,"Prepare drainage, protect crops"
2009-01-01,FLOOD,MEDIUM,0.4375,"Prepare drainage, protect crops"
2009-03-01,FLOOD,MEDIUM,0.625,"Prepare drainage, protect crops"
2009-07-01,CROP_FAILURE,LOW,0.15,"Assess crop damage, initiate insurance claims"
2009-08-01,CROP_FAILURE,LOW,0.15,"Assess crop damage, initiate insurance claims"
2009-08-01,CROP_FAILURE,LOW,0.15,"Assess crop damage, initiate insurance claims"
2009-08-01,CROP_FAILURE,LOW,0.15,"Assess crop damage, initiate insurance claims"
2009-09-01,CROP_FAILURE,LOW,0.15,"Assess crop damage, initiate insurance claims"
2009-09-01,DROUGHT,MEDIUM,0.625,"Monitor water resources, prepare irrigation"
2009-10-01,CROP_FAILURE,LOW,0.15,"Assess crop damage, initiate insurance claims"
2009-10-01,DROUGHT,MEDIUM,0.625,"Monitor water resources, prepare irrigation"
2009-10-01,DROUGHT,MEDIUM,0.4375,"Monitor water resources, prepare irrigation"
2009-10-01,CROP_FAILURE,LOW,0.15,"Assess crop damage, initiate insurance claims"
2009-11-01,DROUGHT,MEDIUM,0.625,"Monitor water resources, prepare irrigation"
2009-11-01,DROUGHT,MEDIUM,0.4375,"Monitor water resources, prepare irrigation"
2009-12-01,FLOOD,MEDIUM,0.4375,"Prepare drainage, protect crops"
2010-02-01,CROP_FAILURE,LOW,0.15,"Assess crop damage, initiate insurance claims"
2010-03-01,FLOOD,MEDIUM,0.4375,"Prepare drainage, protect crops"
2010-04-01,FLOOD,MEDIUM,0.4375,"Prepare drainage, protect crops"
2010-04-01,FLOOD,MEDIUM,0.4375,"Prepare drainage, protect crops"
2010-05-01,FLOOD,MEDIUM,0.4375,"Prepare drainage, protect crops"
2010-09-01,DROUGHT,MEDIUM,0.625,"Monitor water resources, prepare irrigation"
2010-10-01,DROUGHT,MEDIUM,0.625,"Monitor water resources, prepare irrigation"
2010-10-01,DROUGHT,MEDIUM,0.625,"Monitor water resources, prepare irrigation"
2010-10-01,DROUGHT,HIGH,0.8125,"Monitor water resources, prepare irrigation"
2010-11-01,DROUGHT,MEDIUM,0.4375,"Monitor water resources, prepare irrigation"
2010-11-01,DROUGHT,MEDIUM,0.4375,"Monitor water resources, prepare irrigation"
2010-11-01,DROUGHT,MEDIUM,0.625,"Monitor water resources, prepare irrigation"
2010-12-01,DROUGHT,MEDIUM,0.4375,"Monitor water resources, prepare irrigation"
2011-04-01,FLOOD,MEDIUM,0.4375,"Prepare drainage, protect crops"
2011-05-01,CROP_FAILURE,LOW,0.15,"Assess crop damage, initiate insurance claims"
2011-10-01,DROUGHT,MEDIUM,0.625,"Monitor water resources, prepare irrigation"
2011-10-01,DROUGHT,MEDIUM,0.625,"Monitor water resources, prepare irrigation"
2011-10-01,DROUGHT,MEDIUM,0.4375,"Monitor water resources, prepare irrigation"
2011-11-01,DROUGHT,MEDIUM,0.4375,"Monitor water resources, prepare irrigation"
2011-11-01,DROUGHT,MEDIUM,0.4375,"Monitor water resources, prepare irrigation"
2011-11-01,FLOOD,MEDIUM,0.625,"Prepare drainage, protect crops"
2011-12-01,FLOOD,MEDIUM,0.625,"Prepare drainage, protect crops"
2011-12-01,FLOOD,MEDIUM,0.4375,"Prepare drainage, protect crops"
2011-12-01,FLOOD,MEDIUM,0.625,"Prepare drainage, protect crops"
2012-04-01,FLOOD,MEDIUM,0.4375,"Prepare drainage, protect crops"
2012-04-01,CROP_FAILURE,LOW,0.15,"Assess crop damage, initiate insurance claims"
2012-09-01,DROUGHT,MEDIUM,0.4375,"Monitor water resources, prepare irrigation"
2012-09-01,CROP_FAILURE,LOW,0.15,"Assess crop damage, initiate insurance claims"
2012-10-01,DROUGHT,MEDIUM,0.4375,"Monitor water resources, prepare irrigation"
2012-10-01,DROUGHT,MEDIUM,0.4375,"Monitor water resources, prepare irrigation"
2012-10-01,DROUGHT,MEDIUM,0.4375,"Monitor water resources, prepare irrigation"
2012-11-01,DROUGHT,MEDIUM,0.4375,"Monitor water resources, prepare irrigation"
2012-12-01,FLOOD,MEDIUM,0.4375,"Prepare drainage, protect crops"
2013-04-01,FLOOD,MEDIUM,0.4375,"Prepare drainage, protect crops"
2013-04-01,FLOOD,MEDIUM,0.4375,"Prepare drainage, protect crops"
2013-05-01,FLOOD,MEDIUM,0.4375,"Prepare drainage, protect crops"
2013-06-01,CROP_FAILURE,LOW,0.15,"Assess crop damage, initiate insurance claims"
2013-07-01,CROP_FAILURE,LOW,0.0,"Assess crop damage, initiate insurance claims"
2013-09-01,DROUGHT,MEDIUM,0.625,"Monitor water resources, prepare irrigation"
2013-10-01,DROUGHT,MEDIUM,0.625,"Monitor water resources, prepare irrigation"
2013-11-01,DROUGHT,MEDIUM,0.625,"Monitor water resources, prepare irrigation"
2013-12-01,FLOOD,MEDIUM,0.4375,"Prepare drainage, protect crops"
2014-01-01,FLOOD,MEDIUM,0.4375,"Prepare drainage, protect crops"
2014-02-01,CROP_FAILURE,LOW,0.0,"Assess crop damage, initiate insurance claims"
2014-03-01,FLOOD,MEDIUM,0.625,"Prepare drainage, protect crops"
2014-03-01,FLOOD,MEDIUM,0.4375,"Prepare drainage, protect crops"
2014-04-01,FLOOD,MEDIUM,0.4375,"Prepare drainage, protect crops"
2014-04-01,FLOOD,MEDIUM,0.4375,"Prepare drainage, protect crops"
2014-05-01,FLOOD,MEDIUM,0.4375,"Prepare drainage, protect crops"
2014-05-01,FLOOD,MEDIUM,0.4375,"Prepare drainage, protect crops"
2014-05-01,CROP_FAILURE,LOW,0.15,"Assess crop damage, initiate insurance claims"
2014-06-01,FLOOD,MEDIUM,0.4375,"Prepare drainage, protect crops"
2014-06-01,CROP_FAILURE,LOW,0.15,"Assess crop damage, initiate insurance claims"
2014-09-01,DROUGHT,MEDIUM,0.625,"Monitor water resources, prepare irrigation"
2014-10-01,DROUGHT,MEDIUM,0.4375,"Monitor water resources, prepare irrigation"
2014-11-01,DROUGHT,MEDIUM,0.4375,"Monitor water resources, prepare irrigation"
2014-12-01,FLOOD,MEDIUM,0.4375,"Prepare drainage, protect crops"
2015-03-01,CROP_FAILURE,LOW,0.15,"Assess crop damage, initiate insurance claims"
2015-03-01,CROP_FAILURE,LOW,0.15,"Assess crop damage, initiate insurance claims"
2015-03-01,CROP_FAILURE,LOW,0.15,"Assess crop damage, initiate insurance claims"
2015-03-01,CROP_FAILURE,LOW,0.15,"Assess crop damage, initiate insurance claims"
2015-03-01,CROP_FAILURE,LOW,0.15,"Assess crop damage, initiate insurance claims"
2015-04-01,FLOOD,MEDIUM,0.4375,"Prepare drainage, protect crops"
2015-04-01,CROP_FAILURE,LOW,0.15,"Assess crop damage, initiate insurance claims"
2015-04-01,FLOOD,MEDIUM,0.625,"Prepare drainage, protect crops"
2015-05-01,FLOOD,MEDIUM,0.625,"Prepare drainage, protect crops"
2015-05-01,CROP_FAILURE,LOW,0.15,"Assess crop damage, initiate insurance claims"
2015-06-01,FLOOD,MEDIUM,0.4375,"Prepare drainage, protect crops"
2015-06-01,CROP_FAILURE,LOW,0.15,"Assess crop damage, initiate insurance claims"
2015-07-01,CROP_FAILURE,LOW,0.15,"Assess crop damage, initiate insurance claims"
2015-07-01,CROP_FAILURE,LOW,0.15,"Assess crop damage, initiate insurance claims"
2015-08-01,CROP_FAILURE,LOW,0.15,"Assess crop damage, initiate insurance claims"
2015-09-01,CROP_FAILURE,LOW,0.15,"Assess crop damage, initiate insurance claims"
2015-10-01,DROUGHT,MEDIUM,0.625,"Monitor water resources, prepare irrigation"
2015-10-01,CROP_FAILURE,LOW,0.15,"Assess crop damage, initiate insurance claims"
2015-10-01,CROP_FAILURE,LOW,0.15,"Assess crop damage, initiate insurance claims"
2015-11-01,DROUGHT,MEDIUM,0.4375,"Monitor water resources, prepare irrigation"
2015-12-01,FLOOD,MEDIUM,0.4375,"Prepare drainage, protect crops"
2016-01-01,FLOOD,MEDIUM,0.4375,"Prepare drainage, protect crops"
2016-01-01,FLOOD,MEDIUM,0.4375,"Prepare drainage, protect crops"
2016-03-01,FLOOD,MEDIUM,0.4375,"Prepare drainage, protect crops"
2016-04-01,FLOOD,MEDIUM,0.4375,"Prepare drainage, protect crops"
2016-04-01,FLOOD,MEDIUM,0.4375,"Prepare drainage, protect crops"
2016-04-01,FLOOD,MEDIUM,0.4375,"Prepare drainage, protect crops"
2016-04-01,FLOOD,MEDIUM,0.625,"Prepare drainage, protect crops"
2016-04-01,CROP_FAILURE,LOW,0.15,"Assess crop damage, initiate insurance claims"
2016-05-01,FLOOD,MEDIUM,0.4375,"Prepare drainage, protect crops"
2016-06-01,FLOOD,MEDIUM,0.4375,"Prepare drainage, protect crops"
2016-08-01,CROP_FAILURE,LOW,0.15,"Assess crop damage, initiate insurance claims"
2016-12-01,CROP_FAILURE,LOW,0.0,"Assess crop damage, initiate insurance claims"
2017-01-01,CROP_FAILURE,LOW,0.15,"Assess crop damage, initiate insurance claims"
2017-01-01,CROP_FAILURE,LOW,0.15,"Assess crop damage, initiate insurance claims"
2017-01-01,FLOOD,MEDIUM,0.4375,"Prepare drainage, protect crops"
2017-01-01,CROP_FAILURE,LOW,0.15,"Assess crop damage, initiate insurance claims"
2017-02-01,CROP_FAILURE,LOW,0.15,"Assess crop damage, initiate insurance claims"
2017-02-01,CROP_FAILURE,LOW,0.15,"Assess crop damage, initiate insurance claims"
2017-04-01,FLOOD,MEDIUM,0.625,"Prepare drainage, protect crops"
2017-06-01,FLOOD,MEDIUM,0.4375,"Prepare drainage, protect crops"
2017-06-01,CROP_FAILURE,LOW,0.0,"Assess crop damage, initiate insurance claims"
2017-07-01,FLOOD,MEDIUM,0.4375,"Prepare drainage, protect crops"
2017-08-01,FLOOD,MEDIUM,0.4375,"Prepare drainage, protect crops"
2017-08-01,CROP_FAILURE,LOW,0.15,"Assess crop damage, initiate insurance claims"
2017-09-01,FLOOD,MEDIUM,0.4375,"Prepare drainage, protect crops"
2017-10-01,FLOOD,MEDIUM,0.625,"Prepare drainage, protect crops"
2017-11-01,FLOOD,MEDIUM,0.4375,"Prepare drainage, protect crops"
2017-11-01,CROP_FAILURE,LOW,0.15,"Assess crop damage, initiate insurance claims"
2017-12-01,CROP_FAILURE,LOW,0.15,"Assess crop damage, initiate insurance claims"
2018-01-01,FLOOD,MEDIUM,0.4375,"Prepare drainage, protect crops"
2018-01-01,FLOOD,MEDIUM,0.4375,"Prepare drainage, protect crops"
2018-01-01,FLOOD,MEDIUM,0.4375,"Prepare drainage, protect crops"
2018-03-01,FLOOD,MEDIUM,0.625,"Prepare drainage, protect crops"
2018-04-01,FLOOD,MEDIUM,0.625,"Prepare drainage, protect crops"
2018-04-01,FLOOD,MEDIUM,0.625,"Prepare drainage, protect crops"
2018-04-01,CROP_FAILURE,LOW,0.15,"Assess crop damage, initiate insurance claims"
2018-04-01,FLOOD,MEDIUM,0.625,"Prepare drainage, protect crops"
2018-04-01,FLOOD,MEDIUM,0.4375,"Prepare drainage, protect crops"
2018-05-01,FLOOD,MEDIUM,0.4375,"Prepare drainage, protect crops"
2018-05-01,FLOOD,MEDIUM,0.4375,"Prepare drainage, protect crops"
2018-06-01,FLOOD,MEDIUM,0.4375,"Prepare drainage, protect crops"
2018-07-01,FLOOD,MEDIUM,0.625,"Prepare drainage, protect crops"
2018-08-01,FLOOD,MEDIUM,0.4375,"Prepare drainage, protect crops"
2018-09-01,FLOOD,MEDIUM,0.4375,"Prepare drainage, protect crops"
2018-10-01,FLOOD,MEDIUM,0.4375,"Prepare drainage, protect crops"
2018-10-01,DROUGHT,MEDIUM,0.4375,"Monitor water resources, prepare irrigation"
2018-11-01,DROUGHT,MEDIUM,0.4375,"Monitor water resources, prepare irrigation"
2019-02-01,CROP_FAILURE,LOW,0.15,"Assess crop damage, initiate insurance claims"
2019-03-01,FLOOD,MEDIUM,0.4375,"Prepare drainage, protect crops"
2019-03-01,CROP_FAILURE,LOW,0.15,"Assess crop damage, initiate insurance claims"
2019-04-01,FLOOD,MEDIUM,0.4375,"Prepare drainage, protect crops"
2019-04-01,CROP_FAILURE,LOW,0.15,"Assess crop damage, initiate insurance claims"
2019-04-01,FLOOD,MEDIUM,0.4375,"Prepare drainage, protect crops"
2019-04-01,CROP_FAILURE,LOW,0.0,"Assess crop damage, initiate insurance claims"
2019-04-01,CROP_FAILURE,LOW,0.15,"Assess crop damage, initiate insurance claims"
2019-05-01,FLOOD,MEDIUM,0.4375,"Prepare drainage, protect crops"
2019-05-01,CROP_FAILURE,LOW,0.15,"Assess crop damage, initiate insurance claims"
2019-06-01,FLOOD,MEDIUM,0.4375,"Prepare drainage, protect crops"
2019-06-01,FLOOD,MEDIUM,0.4375,"Prepare drainage, protect crops"
2019-09-01,CROP_FAILURE,LOW,0.15,"Assess crop damage, initiate insurance claims"
2019-10-01,FLOOD,HIGH,0.8125,"Prepare drainage, protect crops"
2019-11-01,FLOOD,MEDIUM,0.4375,"Prepare drainage, protect crops"
2019-12-01,FLOOD,MEDIUM,0.625,"Prepare drainage, protect crops"
2019-12-01,FLOOD,MEDIUM,0.4375,"Prepare drainage, protect crops"
2020-01-01,FLOOD,MEDIUM,0.625,"Prepare drainage, protect crops"
2020-01-01,FLOOD,MEDIUM,0.4375,"Prepare drainage, protect crops"
2020-01-01,FLOOD,MEDIUM,0.625,"Prepare drainage, protect crops"
2020-03-01,FLOOD,MEDIUM,0.625,"Prepare drainage, protect crops"
2020-03-01,FLOOD,MEDIUM,0.4375,"Prepare drainage, protect crops"
2020-03-01,FLOOD,MEDIUM,0.625,"Prepare drainage, protect crops"
2020-03-01,FLOOD,HIGH,0.8125,"Prepare drainage, protect crops"
2020-03-01,FLOOD,HIGH,0.8125,"Prepare drainage, protect crops"
2020-04-01,FLOOD,HIGH,0.8125,"Prepare drainage, protect crops"
2020-04-01,FLOOD,MEDIUM,0.4375,"Prepare drainage, protect crops"
2020-04-01,FLOOD,MEDIUM,0.625,"Prepare drainage, protect crops"
2020-04-01,FLOOD,MEDIUM,0.4375,"Prepare drainage, protect crops"
2020-05-01,FLOOD,MEDIUM,0.4375,"Prepare drainage, protect crops"
2020-05-01,FLOOD,MEDIUM,0.4375,"Prepare drainage, protect crops"
2020-05-01,FLOOD,MEDIUM,0.4375,"Prepare drainage, protect crops"
2020-05-01,FLOOD,MEDIUM,0.4375,"Prepare drainage, protect crops"
2020-05-01,FLOOD,MEDIUM,0.4375,"Prepare drainage, protect crops"
2020-06-01,FLOOD,MEDIUM,0.4375,"Prepare drainage, protect crops"
2020-06-01,FLOOD,MEDIUM,0.4375,"Prepare drainage, protect crops"
2020-06-01,FLOOD,MEDIUM,0.625,"Prepare drainage, protect crops"
2020-06-01,FLOOD,MEDIUM,0.4375,"Prepare drainage, protect crops"
2020-07-01,FLOOD,MEDIUM,0.4375,"Prepare drainage, protect crops"
2020-08-01,FLOOD,MEDIUM,0.625,"Prepare drainage, protect crops"
2021-04-01,FLOOD,MEDIUM,0.4375,"Prepare drainage, protect crops"
2021-04-01,FLOOD,MEDIUM,0.4375,"Prepare drainage, protect crops"
2021-04-01,FLOOD,MEDIUM,0.4375,"Prepare drainage, protect crops"
2021-04-01,CROP_FAILURE,LOW,0.15,"Assess crop damage, initiate insurance claims"
2021-04-01,CROP_FAILURE,LOW,0.15,"Assess crop damage, initiate insurance claims"
2021-05-01,CROP_FAILURE,LOW,0.15,"Assess crop damage, initiate insurance claims"
2021-05-01,FLOOD,MEDIUM,0.4375,"Prepare drainage, protect crops"
2021-06-01,CROP_FAILURE,LOW,0.15,"Assess crop damage, initiate insurance claims"
2021-06-01,CROP_FAILURE,LOW,0.15,"Assess crop damage, initiate insurance claims"
2021-06-01,FLOOD,MEDIUM,0.4375,"Prepare drainage, protect crops"
2021-07-01,CROP_FAILURE,LOW,0.15,"Assess crop damage, initiate insurance claims"
2022-01-01,FLOOD,MEDIUM,0.625,"Prepare drainage, protect crops"
2022-01-01,CROP_FAILURE,LOW,0.15,"Assess crop damage, initiate insurance claims"
2022-01-01,FLOOD,MEDIUM,0.4375,"Prepare drainage, protect crops"
2022-02-01,FLOOD,HIGH,0.8125,"Prepare drainage, protect crops"
2022-03-01,FLOOD,MEDIUM,0.625,"Prepare drainage, protect crops"
2022-04-01,FLOOD,MEDIUM,0.4375,"Prepare drainage, protect crops"
2022-04-01,FLOOD,MEDIUM,0.4375,"Prepare drainage, protect crops"
2022-05-01,FLOOD,MEDIUM,0.4375,"Prepare drainage, protect crops"
2022-06-01,CROP_FAILURE,LOW,0.15,"Assess crop damage, initiate insurance claims"
2022-06-01,FLOOD,MEDIUM,0.4375,"Prepare drainage, protect crops"
2022-07-01,FLOOD,MEDIUM,0.4375,"Prepare drainage, protect crops"
2022-09-01,CROP_FAILURE,LOW,0.15,"Assess crop damage, initiate insurance claims"
2022-09-01,CROP_FAILURE,LOW,0.15,"Assess crop damage, initiate insurance claims"
2022-10-01,CROP_FAILURE,LOW,0.15,"Assess crop damage, initiate insurance claims"
2022-10-01,CROP_FAILURE,LOW,0.15,"Assess crop damage, initiate insurance claims"
2022-11-01,CROP_FAILURE,LOW,0.15,"Assess crop damage, initiate insurance claims"
2022-11-01,CROP_FAILURE,LOW,0.15,"Assess crop damage, initiate insurance claims"
2022-12-01,FLOOD,MEDIUM,0.625,"Prepare drainage, protect crops"
2023-03-01,CROP_FAILURE,LOW,0.15,"Assess crop damage, initiate insurance claims"
2023-03-01,FLOOD,MEDIUM,0.625,"Prepare drainage, protect crops"
2023-04-01,FLOOD,MEDIUM,0.4375,"Prepare drainage, protect crops"
2023-04-01,CROP_FAILURE,LOW,0.15,"Assess crop damage, initiate insurance claims"
2023-04-01,FLOOD,MEDIUM,0.4375,"Prepare drainage, protect crops"
2023-04-01,FLOOD,MEDIUM,0.4375,"Prepare drainage, protect crops"
2023-05-01,FLOOD,MEDIUM,0.4375,"Prepare drainage, protect crops"
2023-06-01,FLOOD,MEDIUM,0.4375,"Prepare drainage, protect crops"
2023-11-01,FLOOD,MEDIUM,0.4375,"Prepare drainage, protect crops"
2023-12-01,FLOOD,MEDIUM,0.4375,"Prepare drainage, protect crops"
2023-12-01,FLOOD,MEDIUM,0.625,"Prepare drainage, protect crops"
2024-01-01,FLOOD,MEDIUM,0.625,"Prepare drainage, protect crops"
2024-01-01,FLOOD,MEDIUM,0.4375,"Prepare drainage, protect crops"
2024-01-01,FLOOD,MEDIUM,0.625,"Prepare drainage, protect crops"
2024-02-01,FLOOD,MEDIUM,0.4375,"Prepare drainage, protect crops"
2024-02-01,FLOOD,MEDIUM,0.625,"Prepare drainage, protect crops"
2024-03-01,FLOOD,MEDIUM,0.4375,"Prepare drainage, protect crops"
2024-03-01,FLOOD,MEDIUM,0.4375,"Prepare drainage, protect crops"
2024-04-01,FLOOD,MEDIUM,0.625,"Prepare drainage, protect crops"
2024-04-01,FLOOD,MEDIUM,0.625,"Prepare drainage, protect crops"
2024-04-01,CROP_FAILURE,LOW,0.15,"Assess crop damage, initiate insurance claims"
2024-04-01,FLOOD,MEDIUM,0.4375,"Prepare drainage, protect crops"
2024-04-01,FLOOD,MEDIUM,0.4375,"Prepare drainage, protect crops"
2024-04-01,FLOOD,MEDIUM,0.4375,"Prepare drainage, protect crops"
2024-05-01,FLOOD,MEDIUM,0.4375,"Prepare drainage, protect crops"
2024-05-01,FLOOD,MEDIUM,0.4375,"Prepare drainage, protect crops"
2024-05-01,FLOOD,MEDIUM,0.4375,"Prepare drainage, protect crops"
2024-05-01,FLOOD,MEDIUM,0.4375,"Prepare drainage, protect crops"
2024-06-01,FLOOD,MEDIUM,0.4375,"Prepare drainage, protect crops"
2024-06-01,FLOOD,MEDIUM,0.4375,"Prepare drainage, protect crops"
2025-04-01,FLOOD,MEDIUM,0.4375,"Prepare drainage, protect crops"
2025-04-01,FLOOD,MEDIUM,0.4375,"Prepare drainage, protect crops"
2025-05-01,FLOOD,MEDIUM,0.4375,"Prepare drainage, protect crops"
2025-12-01,CROP_FAILURE,LOW,0.0,"Assess crop damage, initiate insurance claims"
2025-12-01,CROP_FAILURE,LOW,0.15,"Assess crop damage, initiate insurance claims"
