date,location,trigger_type,activated,confidence,severity
2000-01-01,Arusha,Drought,Yes,81.25%,0.4032499999999999
2000-01-01,Arusha,Any,Yes,0.00%,0.4032499999999999
2000-01-01,Arusha,Trigger Severity Left,Yes,0.00%,0.4032499999999999
2000-01-01,Dar es Salaam,Drought,Yes,81.25%,0.4032499999999999
2000-01-01,Dar es Salaam,Any,Yes,0.00%,0.4032499999999999
2000-01-01,Dar es Salaam,Trigger Severity Left,Yes,0.00%,0.4032499999999999
2000-01-01,Dodoma,Drought,Yes,43.75%,0.4032499999999999
2000-01-01,Dodoma,Any,Yes,0.00%,0.4032499999999999
2000-01-01,Dodoma,Trigger Severity Left,Yes,0.00%,0.4032499999999999
2000-01-01,Mbeya,Drought,Yes,62.50%,0.4032499999999999
2000-01-01,Mbeya,Any,Yes,0.00%,0.4032499999999999
2000-01-01,Mbeya,Trigger Severity Left,Yes,0.00%,0.4032499999999999
2000-01-01,Morogoro,Drought,Yes,62.50%,0.4032499999999999
2000-01-01,Morogoro,Any,Yes,0.00%,0.4032499999999999
2000-01-01,Morogoro,Trigger Severity Left,Yes,0.00%,0.4032499999999999
2000-01-01,Mwanza,Drought,Yes,43.75%,0.4032499999999999
2000-01-01,Mwanza,Any,Yes,0.00%,0.4032499999999999
2000-01-01,Mwanza,Trigger Severity Left,Yes,0.00%,0.4032499999999999
2000-02-01,Arusha,Drought,Yes,62.50%,0.32425
2000-02-01,Arusha,Any,Yes,0.00%,0.32425
2000-02-01,Arusha,Trigger Severity Left,Yes,0.00%,0.32425
2000-02-01,Dar es Salaam,Drought,Yes,81.25%,0.32425
2000-02-01,Dar es Salaam,Any,Yes,0.00%,0.32425
2000-02-01,Dar es Salaam,Trigger Severity Left,Yes,0.00%,0.32425
2000-02-01,Dodoma,Drought,Yes,43.75%,0.32425
2000-02-01,Dodoma,Any,Yes,0.00%,0.32425
2000-02-01,Dodoma,Trigger Severity Left,Yes,0.00%,0.32425
2000-02-01,Dodoma,Moderate Stress,Yes,0.00%,0.32425
2000-02-01,Mbeya,Drought,Yes,43.75%,0.32425
2000-02-01,Mbeya,Any,Yes,0.00%,0.32425
2000-02-01,Mbeya,Trigger Severity Left,Yes,0.00%,0.32425
2000-02-01,Mbeya,Crop Failure,Yes,15.00%,0.32425
2000-02-01,Mbeya,Moderate Stress,Yes,0.00%,0.32425
2000-02-01,Morogoro,Drought,Yes,43.75%,0.32425
2000-02-01,Morogoro,Any,Yes,0.00%,0.32425
2000-02-01,Morogoro,Trigger Severity Left,Yes,0.00%,0.32425
2000-02-01,Mwanza,Drought,Yes,43.75%,0.32425
2000-02-01,Mwanza,Any,Yes,0.00%,0.32425
2000-02-01,Mwanza,Trigger Severity Left,Yes,0.00%,0.32425
2000-03-01,Arusha,Drought,Yes,43.75%,0.294
2000-03-01,Arusha,Any,Yes,0.00%,0.294
2000-03-01,Arusha,Trigger Severity Left,Yes,0.00%,0.294
2000-03-01,Dar es Salaam,Drought,Yes,43.75%,0.294
2000-03-01,Dar es Salaam,Any,Yes,0.00%,0.294
2000-03-01,Dar es Salaam,Trigger Severity Left,Yes,0.00%,0.294
2000-03-01,Dodoma,Drought,Yes,43.75%,0.294
2000-03-01,Dodoma,Any,Yes,0.00%,0.294
2000-03-01,Dodoma,Trigger Severity Left,Yes,0.00%,0.294
2000-03-01,Mbeya,Drought,Yes,43.75%,0.294
2000-03-01,Mbeya,Any,Yes,0.00%,0.294
2000-03-01,Mbeya,Trigger Severity Left,Yes,0.00%,0.294
2000-03-01,Mbeya,Crop Failure,Yes,15.00%,0.294
2000-03-01,Mbeya,Moderate Stress,Yes,0.00%,0.294
2000-03-01,Morogoro,Drought,Yes,43.75%,0.294
2000-03-01,Morogoro,Any,Yes,0.00%,0.294
2000-03-01,Morogoro,Trigger Severity Left,Yes,0.00%,0.294
2000-03-01,Mwanza,Drought,Yes,43.75%,0.294
2000-03-01,Mwanza,Any,Yes,0.00%,0.294
2000-03-01,Mwanza,Trigger Severity Left,Yes,0.00%,0.294
2000-04-01,Arusha,Drought,Yes,43.75%,0.282
2000-04-01,Arusha,Any,Yes,0.00%,0.282
2000-04-01,Arusha,Trigger Severity Left,Yes,0.00%,0.282
2000-04-01,Dar es Salaam,Drought,Yes,43.75%,0.282
2000-04-01,Dar es Salaam,Any,Yes,0.00%,0.282
2000-04-01,Dar es Salaam,Trigger Severity Left,Yes,0.00%,0.282
2000-04-01,Dodoma,Drought,Yes,43.75%,0.282
2000-04-01,Dodoma,Any,Yes,0.00%,0.282
2000-04-01,Dodoma,Trigger Severity Left,Yes,0.00%,0.282
2000-04-01,Mbeya,Drought,Yes,43.75%,0.282
2000-04-01,Mbeya,Any,Yes,0.00%,0.282
2000-04-01,Mbeya,Trigger Severity Left,Yes,0.00%,0.282
2000-04-01,Mbeya,Days Since,Yes,0.00%,0.282
2000-04-01,Morogoro,Drought,Yes,43.75%,0.282
2000-04-01,Morogoro,Any,Yes,0.00%,0.282
2000-04-01,Morogoro,Trigger Severity Left,Yes,0.00%,0.282
2000-04-01,Mwanza,Drought,Yes,62.50%,0.282
2000-04-01,Mwanza,Any,Yes,0.00%,0.282
2000-04-01,Mwanza,Trigger Severity Left,Yes,0.00%,0.282
2000-05-01,Arusha,Drought,Yes,81.25%,0.302
2000-05-01,Arusha,Any,Yes,0.00%,0.302
2000-05-01,Arusha,Trigger Severity Left,Yes,0.00%,0.302
2000-05-01,Dar es Salaam,Drought,Yes,62.50%,0.302
2000-05-01,Dar es Salaam,Any,Yes,0.00%,0.302
2000-05-01,Dar es Salaam,Trigger Severity Left,Yes,0.00%,0.302
2000-05-01,Dodoma,Drought,Yes,62.50%,0.302
2000-05-01,Dodoma,Any,Yes,0.00%,0.302
2000-05-01,Dodoma,Trigger Severity Left,Yes,0.00%,0.302
2000-05-01,Mbeya,Drought,Yes,62.50%,0.302
2000-05-01,Mbeya,Any,Yes,0.00%,0.302
2000-05-01,Mbeya,Trigger Severity Left,Yes,0.00%,0.302
2000-05-01,Mbeya,Crop Failure,Yes,15.00%,0.302
2000-05-01,Mbeya,Moderate Stress,Yes,0.00%,0.302
2000-05-01,Mbeya,Severe Stress,Yes,0.00%,0.302
2000-05-01,Morogoro,Drought,Yes,43.75%,0.302
2000-05-01,Morogoro,Any,Yes,0.00%,0.302
2000-05-01,Morogoro,Trigger Severity Left,Yes,0.00%,0.302
2000-05-01,Mwanza,Drought,Yes,81.25%,0.302
2000-05-01,Mwanza,Any,Yes,0.00%,0.302
2000-05-01,Mwanza,Trigger Severity Left,Yes,0.00%,0.302
2000-05-01,Mwanza,Crop Failure,Yes,15.00%,0.302
2000-05-01,Mwanza,Moderate Stress,Yes,0.00%,0.302
2000-05-01,Mwanza,Severe Stress,Yes,0.00%,0.302
2000-06-01,Arusha,Drought,Yes,43.75%,0.3335
2000-06-01,Arusha,Any,Yes,0.00%,0.3335
2000-06-01,Arusha,Trigger Severity Left,Yes,0.00%,0.3335
2000-06-01,Dar es Salaam,Drought,Yes,43.75%,0.3335
2000-06-01,Dar es Salaam,Any,Yes,0.00%,0.3335
2000-06-01,Dar es Salaam,Trigger Severity Left,Yes,0.00%,0.3335
2000-06-01,Dodoma,Drought,Yes,62.50%,0.3335
2000-06-01,Dodoma,Any,Yes,0.00%,0.3335
2000-06-01,Dodoma,Trigger Severity Left,Yes,0.00%,0.3335
2000-06-01,Mbeya,Drought,Yes,62.50%,0.3335
2000-06-01,Mbeya,Any,Yes,0.00%,0.3335
2000-06-01,Mbeya,Trigger Severity Left,Yes,0.00%,0.3335
2000-06-01,Mbeya,Crop Failure,Yes,15.00%,0.3335
2000-06-01,Mbeya,Moderate Stress,Yes,0.00%,0.3335
2000-06-01,Mbeya,Severe Stress,Yes,0.00%,0.3335
2000-06-01,Morogoro,Drought,Yes,43.75%,0.3335
2000-06-01,Morogoro,Any,Yes,0.00%,0.3335
2000-06-01,Morogoro,Trigger Severity Left,Yes,0.00%,0.3335
2000-06-01,Mwanza,Drought,Yes,62.50%,0.3335
2000-06-01,Mwanza,Any,Yes,0.00%,0.3335
2000-06-01,Mwanza,Trigger Severity Left,Yes,0.00%,0.3335
2000-06-01,Mwanza,Crop Failure,Yes,15.00%,0.3335
2000-06-01,Mwanza,Moderate Stress,Yes,0.00%,0.3335
2000-07-01,Arusha,Drought,Yes,43.75%,0.31
2000-07-01,Arusha,Any,Yes,0.00%,0.31
2000-07-01,Arusha,Trigger Severity Left,Yes,0.00%,0.31
2000-07-01,Arusha,Moderate Stress,Yes,0.00%,0.31
2000-07-01,Dar es Salaam,Drought,Yes,43.75%,0.31
2000-07-01,Dar es Salaam,Any,Yes,0.00%,0.31
2000-07-01,Dar es Salaam,Trigger Severity Left,Yes,0.00%,0.31
2000-07-01,Dodoma,Drought,Yes,62.50%,0.31
2000-07-01,Dodoma,Any,Yes,0.00%,0.31
2000-07-01,Dodoma,Trigger Severity Left,Yes,0.00%,0.31
2000-07-01,Mbeya,Drought,Yes,43.75%,0.31
2000-07-01,Mbeya,Any,Yes,0.00%,0.31
2000-07-01,Mbeya,Trigger Severity Left,Yes,0.00%,0.31
2000-07-01,Mbeya,Crop Failure,Yes,15.00%,0.31
2000-07-01,Mbeya,Moderate Stress,Yes,0.00%,0.31
2000-07-01,Mbeya,Severe Stress,Yes,0.00%,0.31
2000-07-01,Morogoro,Drought,Yes,43.75%,0.31
2000-07-01,Morogoro,Any,Yes,0.00%,0.31
2000-07-01,Morogoro,Trigger Severity Left,Yes,0.00%,0.31
2000-07-01,Morogoro,Crop Failure,Yes,15.00%,0.31
2000-07-01,Morogoro,Severe Stress,Yes,0.00%,0.31
2000-07-01,Mwanza,Drought,Yes,62.50%,0.31
2000-07-01,Mwanza,Any,Yes,0.00%,0.31
2000-07-01,Mwanza,Trigger Severity Left,Yes,0.00%,0.31
2000-07-01,Mwanza,Crop Failure,Yes,15.00%,0.31
2000-07-01,Mwanza,Moderate Stress,Yes,0.00%,0.31
2000-07-01,Mwanza,Severe Stress,Yes,0.00%,0.31
2000-08-01,Arusha,Drought,Yes,43.75%,0.302
2000-08-01,Arusha,Any,Yes,0.00%,0.302
2000-08-01,Arusha,Trigger Severity Left,Yes,0.00%,0.302
2000-08-01,Dar es Salaam,Drought,Yes,43.75%,0.302
2000-08-01,Dar es Salaam,Any,Yes,0.00%,0.302
2000-08-01,Dar es Salaam,Trigger Severity Left,Yes,0.00%,0.302
2000-08-01,Dodoma,Drought,Yes,62.50%,0.302
2000-08-01,Dodoma,Any,Yes,0.00%,0.302
2000-08-01,Dodoma,Trigger Severity Left,Yes,0.00%,0.302
2000-08-01,Mbeya,Drought,Yes,43.75%,0.302
2000-08-01,Mbeya,Any,Yes,0.00%,0.302
2000-08-01,Mbeya,Trigger Severity Left,Yes,0.00%,0.302
2000-08-01,Mbeya,Crop Failure,Yes,15.00%,0.302
2000-08-01,Mbeya,Moderate Stress,Yes,0.00%,0.302
2000-08-01,Mbeya,Severe Stress,Yes,0.00%,0.302
2000-08-01,Morogoro,Drought,Yes,43.75%,0.302
2000-08-01,Morogoro,Any,Yes,0.00%,0.302
2000-08-01,Morogoro,Trigger Severity Left,Yes,0.00%,0.302
2000-08-01,Morogoro,Crop Failure,Yes,15.00%,0.302
2000-08-01,Morogoro,Moderate Stress,Yes,0.00%,0.302
2000-08-01,Mwanza,Drought,Yes,43.75%,0.302
2000-08-01,Mwanza,Any,Yes,0.00%,0.302
2000-08-01,Mwanza,Trigger Severity Left,Yes,0.00%,0.302
2000-08-01,Mwanza,Days Since,Yes,0.00%,0.302
2000-09-01,Arusha,Drought,Yes,43.75%,0.3339999999999999
2000-09-01,Arusha,Any,Yes,0.00%,0.3339999999999999
2000-09-01,Arusha,Trigger Severity Left,Yes,0.00%,0.3339999999999999
2000-09-01,Dar es Salaam,Drought,Yes,62.50%,0.3339999999999999
2000-09-01,Dar es Salaam,Any,Yes,0.00%,0.3339999999999999
2000-09-01,Dar es Salaam,Trigger Severity Left,Yes,0.00%,0.3339999999999999
2000-09-01,Dodoma,Drought,Yes,62.50%,0.3339999999999999
2000-09-01,Dodoma,Any,Yes,0.00%,0.3339999999999999
2000-09-01,Dodoma,Trigger Severity Left,Yes,0.00%,0.3339999999999999
2000-09-01,Mbeya,Drought,Yes,62.50%,0.3339999999999999
2000-09-01,Mbeya,Any,Yes,0.00%,0.3339999999999999
2000-09-01,Mbeya,Trigger Severity Left,Yes,0.00%,0.3339999999999999
2000-09-01,Mbeya,Crop Failure,Yes,15.00%,0.3339999999999999
2000-09-01,Mbeya,Moderate Stress,Yes,0.00%,0.3339999999999999
2000-09-01,Mbeya,Severe Stress,Yes,0.00%,0.3339999999999999
2000-09-01,Morogoro,Drought,Yes,43.75%,0.3339999999999999
2000-09-01,Morogoro,Any,Yes,0.00%,0.3339999999999999
2000-09-01,Morogoro,Trigger Severity Left,Yes,0.00%,0.3339999999999999
2000-09-01,Morogoro,Days Since,Yes,0.00%,0.3339999999999999
2000-09-01,Mwanza,Drought,Yes,81.25%,0.3339999999999999
2000-09-01,Mwanza,Any,Yes,0.00%,0.3339999999999999
2000-09-01,Mwanza,Trigger Severity Left,Yes,0.00%,0.3339999999999999
2000-09-01,Mwanza,Crop Failure,Yes,15.00%,0.3339999999999999
2000-09-01,Mwanza,Moderate Stress,Yes,0.00%,0.3339999999999999
2000-09-01,Mwanza,Severe Stress,Yes,0.00%,0.3339999999999999
2000-10-01,Arusha,Drought,Yes,81.25%,0.3615
2000-10-01,Arusha,Any,Yes,0.00%,0.3615
2000-10-01,Arusha,Trigger Severity Left,Yes,0.00%,0.3615
2000-10-01,Arusha,Crop Failure,Yes,15.00%,0.3615
2000-10-01,Arusha,Moderate Stress,Yes,0.00%,0.3615
2000-10-01,Arusha,Severe Stress,Yes,0.00%,0.3615
2000-10-01,Dar es Salaam,Drought,Yes,81.25%,0.3615
2000-10-01,Dar es Salaam,Any,Yes,0.00%,0.3615
2000-10-01,Dar es Salaam,Trigger Severity Left,Yes,0.00%,0.3615
2000-10-01,Dodoma,Drought,Yes,62.50%,0.3615
2000-10-01,Dodoma,Any,Yes,0.00%,0.3615
2000-10-01,Dodoma,Trigger Severity Left,Yes,0.00%,0.3615
2000-10-01,Mbeya,Drought,Yes,43.75%,0.3615
2000-10-01,Mbeya,Any,Yes,0.00%,0.3615
2000-10-01,Mbeya,Trigger Severity Left,Yes,0.00%,0.3615
2000-10-01,Mbeya,Days Since,Yes,0.00%,0.3615
2000-10-01,Morogoro,Drought,Yes,62.50%,0.3615
2000-10-01,Morogoro,Any,Yes,0.00%,0.3615
2000-10-01,Morogoro,Trigger Severity Left,Yes,0.00%,0.3615
2000-10-01,Mwanza,Drought,Yes,43.75%,0.3615
2000-10-01,Mwanza,Any,Yes,0.00%,0.3615
2000-10-01,Mwanza,Trigger Severity Left,Yes,0.00%,0.3615
2000-10-01,Mwanza,Crop Failure,Yes,15.00%,0.3615
2000-10-01,Mwanza,Moderate Stress,Yes,0.00%,0.3615
2000-10-01,Mwanza,Severe Stress,Yes,0.00%,0.3615
2000-11-01,Arusha,Drought,Yes,43.75%,0.4265
2000-11-01,Arusha,Any,Yes,0.00%,0.4265
2000-11-01,Arusha,Trigger Severity Left,Yes,0.00%,0.4265
2000-11-01,Arusha,Crop Failure,Yes,15.00%,0.4265
2000-11-01,Arusha,Severe Stress,Yes,0.00%,0.4265
2000-11-01,Dar es Salaam,Drought,Yes,43.75%,0.4265
2000-11-01,Dar es Salaam,Any,Yes,0.00%,0.4265
2000-11-01,Dodoma,Drought,Yes,43.75%,0.4265
2000-11-01,Dodoma,Any,Yes,0.00%,0.4265
2000-11-01,Dodoma,Trigger Severity Left,Yes,0.00%,0.4265
2000-11-01,Mbeya,Drought,Yes,43.75%,0.4265
2000-11-01,Mbeya,Any,Yes,0.00%,0.4265
2000-11-01,Mbeya,Trigger Severity Left,Yes,0.00%,0.4265
2000-11-01,Morogoro,Drought,Yes,43.75%,0.4265
2000-11-01,Morogoro,Any,Yes,0.00%,0.4265
2000-11-01,Morogoro,Trigger Severity Left,Yes,0.00%,0.4265
2000-11-01,Mwanza,Drought,Yes,43.75%,0.4265
2000-11-01,Mwanza,Any,Yes,0.00%,0.4265
2000-11-01,Mwanza,Trigger Severity Left,Yes,0.00%,0.4265
2000-11-01,Mwanza,Days Since,Yes,0.00%,0.4265
2000-12-01,Arusha,Drought,Yes,43.75%,0.41
2000-12-01,Arusha,Any,Yes,0.00%,0.41
2000-12-01,Arusha,Days Since,Yes,0.00%,0.41
2000-12-01,Dar es Salaam,Drought,Yes,43.75%,0.41
2000-12-01,Dar es Salaam,Any,Yes,0.00%,0.41
2000-12-01,Dodoma,Drought,Yes,43.75%,0.41
2000-12-01,Dodoma,Any,Yes,0.00%,0.41
2000-12-01,Mbeya,Drought,Yes,43.75%,0.41
2000-12-01,Mbeya,Flood,Yes,43.75%,0.41
2000-12-01,Mbeya,Any,Yes,0.00%,0.41
2000-12-01,Mbeya,Trigger Severity Left,Yes,0.00%,0.41
2000-12-01,Morogoro,Drought,Yes,43.75%,0.41
2000-12-01,Morogoro,Any,Yes,0.00%,0.41
2000-12-01,Mwanza,Drought,Yes,43.75%,0.41
2000-12-01,Mwanza,Any,Yes,0.00%,0.41
2000-12-01,Mwanza,Trigger Severity Left,Yes,0.00%,0.41
2001-01-01,Arusha,Drought,Yes,43.75%,0.44375
2001-01-01,Arusha,Any,Yes,0.00%,0.44375
2001-01-01,Arusha,Climate Drought,Yes,100.00%,0.44375
2001-01-01,Arusha,Any Climate,Yes,0.00%,0.44375
2001-01-01,Dar es Salaam,Drought,Yes,43.75%,0.44375
2001-01-01,Dar es Salaam,Any,Yes,0.00%,0.44375
2001-01-01,Dar es Salaam,Climate Drought,Yes,100.00%,0.44375
2001-01-01,Dar es Salaam,Any Climate,Yes,0.00%,0.44375
2001-01-01,Dodoma,Drought,Yes,43.75%,0.44375
2001-01-01,Dodoma,Any,Yes,0.00%,0.44375
2001-01-01,Dodoma,Climate Drought,Yes,100.00%,0.44375
2001-01-01,Dodoma,Any Climate,Yes,0.00%,0.44375
2001-01-01,Mbeya,Drought,Yes,43.75%,0.44375
2001-01-01,Mbeya,Flood,Yes,62.50%,0.44375
2001-01-01,Mbeya,Any,Yes,0.00%,0.44375
2001-01-01,Mbeya,Crop Failure,Yes,15.00%,0.44375
2001-01-01,Mbeya,Moderate Stress,Yes,0.00%,0.44375
2001-01-01,Mbeya,Severe Stress,Yes,0.00%,0.44375
2001-01-01,Mbeya,Climate Drought,Yes,100.00%,0.44375
2001-01-01,Mbeya,Any Climate,Yes,0.00%,0.44375
2001-01-01,Morogoro,Drought,Yes,43.75%,0.44375
2001-01-01,Morogoro,Any,Yes,0.00%,0.44375
2001-01-01,Morogoro,Climate Drought,Yes,100.00%,0.44375
2001-01-01,Morogoro,Any Climate,Yes,0.00%,0.44375
2001-01-01,Mwanza,Drought,Yes,43.75%,0.44375
2001-01-01,Mwanza,Any,Yes,0.00%,0.44375
2001-01-01,Mwanza,Trigger Severity Left,Yes,0.00%,0.44375
2001-01-01,Mwanza,Climate Drought,Yes,100.00%,0.44375
2001-01-01,Mwanza,Any Climate,Yes,0.00%,0.44375
2001-02-01,Arusha,Drought,Yes,43.75%,0.30825
2001-02-01,Arusha,Any,Yes,0.00%,0.30825
2001-02-01,Dar es Salaam,Drought,Yes,43.75%,0.30825
2001-02-01,Dar es Salaam,Any,Yes,0.00%,0.30825
2001-02-01,Dodoma,Drought,Yes,43.75%,0.30825
2001-02-01,Dodoma,Any,Yes,0.00%,0.30825
2001-02-01,Mbeya,Drought,Yes,43.75%,0.30825
2001-02-01,Mbeya,Any,Yes,0.00%,0.30825
2001-02-01,Mbeya,Days Since,Yes,0.00%,0.30825
2001-02-01,Morogoro,Drought,Yes,43.75%,0.30825
2001-02-01,Morogoro,Any,Yes,0.00%,0.30825
2001-02-01,Mwanza,Drought,Yes,43.75%,0.30825
2001-02-01,Mwanza,Any,Yes,0.00%,0.30825
2001-03-01,Arusha,Drought,Yes,43.75%,0.1305
2001-03-01,Arusha,Any,Yes,0.00%,0.1305
2001-03-01,Dar es Salaam,Drought,Yes,43.75%,0.1305
2001-03-01,Dar es Salaam,Any,Yes,0.00%,0.1305
2001-03-01,Dodoma,Drought,Yes,81.25%,0.1305
2001-03-01,Dodoma,Any,Yes,0.00%,0.1305
2001-03-01,Dodoma,Trigger Severity Left,Yes,0.00%,0.1305
2001-03-01,Mbeya,Drought,Yes,62.50%,0.1305
2001-03-01,Mbeya,Flood,Yes,43.75%,0.1305
2001-03-01,Mbeya,Any,Yes,0.00%,0.1305
2001-03-01,Morogoro,Drought,Yes,43.75%,0.1305
2001-03-01,Morogoro,Any,Yes,0.00%,0.1305
2001-03-01,Mwanza,Drought,Yes,43.75%,0.1305
2001-03-01,Mwanza,Any,Yes,0.00%,0.1305
2001-04-01,Arusha,Drought,Yes,43.75%,0.148
2001-04-01,Arusha,Any,Yes,0.00%,0.148
2001-04-01,Dar es Salaam,Drought,Yes,43.75%,0.148
2001-04-01,Dar es Salaam,Flood,Yes,43.75%,0.148
2001-04-01,Dar es Salaam,Any,Yes,0.00%,0.148
2001-04-01,Dodoma,Drought,Yes,43.75%,0.148
2001-04-01,Dodoma,Any,Yes,0.00%,0.148
2001-04-01,Mbeya,Drought,Yes,62.50%,0.148
2001-04-01,Mbeya,Flood,Yes,43.75%,0.148
2001-04-01,Mbeya,Any,Yes,0.00%,0.148
2001-04-01,Morogoro,Drought,Yes,43.75%,0.148
2001-04-01,Morogoro,Any,Yes,0.00%,0.148
2001-04-01,Mwanza,Drought,Yes,43.75%,0.148
2001-04-01,Mwanza,Any,Yes,0.00%,0.148
2001-05-01,Arusha,Drought,Yes,43.75%,0.17
2001-05-01,Arusha,Any,Yes,0.00%,0.17
2001-05-01,Dar es Salaam,Drought,Yes,43.75%,0.17
2001-05-01,Dar es Salaam,Any,Yes,0.00%,0.17
2001-05-01,Dodoma,Drought,Yes,62.50%,0.17
2001-05-01,Dodoma,Any,Yes,0.00%,0.17
2001-05-01,Mbeya,Drought,Yes,43.75%,0.17
2001-05-01,Mbeya,Flood,Yes,43.75%,0.17
2001-05-01,Mbeya,Any,Yes,0.00%,0.17
2001-05-01,Morogoro,Drought,Yes,43.75%,0.17
2001-05-01,Morogoro,Any,Yes,0.00%,0.17
2001-05-01,Mwanza,Drought,Yes,43.75%,0.17
2001-05-01,Mwanza,Any,Yes,0.00%,0.17
2001-06-01,Arusha,Drought,Yes,43.75%,0.19175
2001-06-01,Arusha,Any,Yes,0.00%,0.19175
2001-06-01,Arusha,Crop Failure,Yes,15.00%,0.19175
2001-06-01,Arusha,Moderate Stress,Yes,0.00%,0.19175
2001-06-01,Arusha,Severe Stress,Yes,0.00%,0.19175
2001-06-01,Dar es Salaam,Drought,Yes,43.75%,0.19175
2001-06-01,Dar es Salaam,Any,Yes,0.00%,0.19175
2001-06-01,Dodoma,Drought,Yes,62.50%,0.19175
2001-06-01,Dodoma,Any,Yes,0.00%,0.19175
2001-06-01,Mbeya,Drought,Yes,62.50%,0.19175
2001-06-01,Mbeya,Any,Yes,0.00%,0.19175
2001-06-01,Morogoro,Drought,Yes,43.75%,0.19175
2001-06-01,Morogoro,Any,Yes,0.00%,0.19175
2001-06-01,Mwanza,Drought,Yes,62.50%,0.19175
2001-06-01,Mwanza,Any,Yes,0.00%,0.19175
2001-07-01,Arusha,Drought,Yes,43.75%,0.251
2001-07-01,Arusha,Any,Yes,0.00%,0.251
2001-07-01,Arusha,Days Since,Yes,0.00%,0.251
2001-07-01,Dar es Salaam,Drought,Yes,43.75%,0.251
2001-07-01,Dar es Salaam,Any,Yes,0.00%,0.251
2001-07-01,Dodoma,Drought,Yes,62.50%,0.251
2001-07-01,Dodoma,Any,Yes,0.00%,0.251
2001-07-01,Mbeya,Drought,Yes,43.75%,0.251
2001-07-01,Mbeya,Any,Yes,0.00%,0.251
2001-07-01,Morogoro,Drought,Yes,43.75%,0.251
2001-07-01,Morogoro,Any,Yes,0.00%,0.251
2001-07-01,Mwanza,Drought,Yes,43.75%,0.251
2001-07-01,Mwanza,Any,Yes,0.00%,0.251
2001-08-01,Arusha,Drought,Yes,62.50%,0.30125
2001-08-01,Arusha,Any,Yes,0.00%,0.30125
2001-08-01,Dar es Salaam,Drought,Yes,62.50%,0.30125
2001-08-01,Dar es Salaam,Any,Yes,0.00%,0.30125
2001-08-01,Dodoma,Drought,Yes,62.50%,0.30125
2001-08-01,Dodoma,Any,Yes,0.00%,0.30125
2001-08-01,Mbeya,Drought,Yes,43.75%,0.30125
2001-08-01,Mbeya,Any,Yes,0.00%,0.30125
2001-08-01,Morogoro,Drought,Yes,81.25%,0.30125
2001-08-01,Morogoro,Any,Yes,0.00%,0.30125
2001-08-01,Morogoro,Trigger Severity Left,Yes,0.00%,0.30125
2001-08-01,Mwanza,Drought,Yes,43.75%,0.30125
2001-08-01,Mwanza,Any,Yes,0.00%,0.30125
2001-09-01,Arusha,Drought,Yes,62.50%,0.29375
2001-09-01,Arusha,Any,Yes,0.00%,0.29375
2001-09-01,Dar es Salaam,Drought,Yes,81.25%,0.29375
2001-09-01,Dar es Salaam,Any,Yes,0.00%,0.29375
2001-09-01,Dar es Salaam,Trigger Severity Left,Yes,0.00%,0.29375
2001-09-01,Dodoma,Drought,Yes,62.50%,0.29375
2001-09-01,Dodoma,Any,Yes,0.00%,0.29375
2001-09-01,Mbeya,Drought,Yes,43.75%,0.29375
2001-09-01,Mbeya,Any,Yes,0.00%,0.29375
2001-09-01,Morogoro,Drought,Yes,81.25%,0.29375
2001-09-01,Morogoro,Any,Yes,0.00%,0.29375
2001-09-01,Mwanza,Drought,Yes,43.75%,0.29375
2001-09-01,Mwanza,Any,Yes,0.00%,0.29375
2001-10-01,Arusha,Drought,Yes,43.75%,0.37075
2001-10-01,Arusha,Any,Yes,0.00%,0.37075
2001-10-01,Dar es Salaam,Drought,Yes,62.50%,0.37075
2001-10-01,Dar es Salaam,Any,Yes,0.00%,0.37075
2001-10-01,Dodoma,Drought,Yes,62.50%,0.37075
2001-10-01,Dodoma,Any,Yes,0.00%,0.37075
2001-10-01,Mbeya,Drought,Yes,43.75%,0.37075
2001-10-01,Mbeya,Any,Yes,0.00%,0.37075
2001-10-01,Morogoro,Drought,Yes,43.75%,0.37075
2001-10-01,Morogoro,Any,Yes,0.00%,0.37075
2001-10-01,Mwanza,Drought,Yes,43.75%,0.37075
2001-10-01,Mwanza,Any,Yes,0.00%,0.37075
2001-11-01,Arusha,Drought,Yes,43.75%,0.33125
2001-11-01,Arusha,Any,Yes,0.00%,0.33125
2001-11-01,Dar es Salaam,Drought,Yes,81.25%,0.33125
2001-11-01,Dar es Salaam,Any,Yes,0.00%,0.33125
2001-11-01,Dar es Salaam,Trigger Severity Left,Yes,0.00%,0.33125
2001-11-01,Dodoma,Drought,Yes,81.25%,0.33125
2001-11-01,Dodoma,Any,Yes,0.00%,0.33125
2001-11-01,Dodoma,Trigger Severity Left,Yes,0.00%,0.33125
2001-11-01,Mbeya,Drought,Yes,81.25%,0.33125
2001-11-01,Mbeya,Any,Yes,0.00%,0.33125
2001-11-01,Morogoro,Drought,Yes,62.50%,0.33125
2001-11-01,Morogoro,Any,Yes,0.00%,0.33125
2001-11-01,Mwanza,Drought,Yes,43.75%,0.33125
2001-11-01,Mwanza,Any,Yes,0.00%,0.33125
2001-12-01,Arusha,Drought,Yes,81.25%,0.27475
2001-12-01,Arusha,Any,Yes,0.00%,0.27475
2001-12-01,Dar es Salaam,Drought,Yes,43.75%,0.27475
2001-12-01,Dar es Salaam,Any,Yes,0.00%,0.27475
2001-12-01,Dar es Salaam,Crop Failure,Yes,15.00%,0.27475
2001-12-01,Dar es Salaam,Moderate Stress,Yes,0.00%,0.27475
2001-12-01,Dodoma,Drought,Yes,43.75%,0.27475
2001-12-01,Dodoma,Any,Yes,0.00%,0.27475
2001-12-01,Mbeya,Drought,Yes,43.75%,0.27475
2001-12-01,Mbeya,Any,Yes,0.00%,0.27475
2001-12-01,Morogoro,Drought,Yes,43.75%,0.27475
2001-12-01,Morogoro,Any,Yes,0.00%,0.27475
2001-12-01,Mwanza,Drought,Yes,43.75%,0.27475
2001-12-01,Mwanza,Any,Yes,0.00%,0.27475
2002-01-01,Arusha,Drought,Yes,43.75%,0.2655
2002-01-01,Arusha,Any,Yes,0.00%,0.2655
2002-01-01,Dar es Salaam,Drought,Yes,43.75%,0.2655
2002-01-01,Dar es Salaam,Any,Yes,0.00%,0.2655
2002-01-01,Dar es Salaam,Days Since,Yes,0.00%,0.2655
2002-01-01,Mbeya,Flood,Yes,43.75%,0.2655
2002-01-01,Mbeya,Any,Yes,0.00%,0.2655
2002-01-01,Morogoro,Drought,Yes,43.75%,0.2655
2002-01-01,Morogoro,Any,Yes,0.00%,0.2655
2002-01-01,Mwanza,Drought,Yes,43.75%,0.2655
2002-01-01,Mwanza,Any,Yes,0.00%,0.2655
2002-02-01,Dar es Salaam,Drought,Yes,43.75%,0.2245
2002-02-01,Dar es Salaam,Any,Yes,0.00%,0.2245
2002-02-01,Mwanza,Drought,Yes,43.75%,0.2245
2002-02-01,Mwanza,Any,Yes,0.00%,0.2245
2002-03-01,Mbeya,Flood,Yes,43.75%,0.22
2002-03-01,Mbeya,Any,Yes,0.00%,0.22
2002-03-01,Mbeya,Crop Failure,Yes,15.00%,0.22
2002-03-01,Mbeya,Moderate Stress,Yes,0.00%,0.22
2002-03-01,Mbeya,Severe Stress,Yes,0.00%,0.22
2002-04-01,Dar es Salaam,Flood,Yes,43.75%,0.288
2002-04-01,Dar es Salaam,Any,Yes,0.00%,0.288
2002-04-01,Mbeya,Flood,Yes,43.75%,0.288
2002-04-01,Mbeya,Any,Yes,0.00%,0.288
2002-04-01,Mbeya,Days Since,Yes,0.00%,0.288
2002-05-01,Mbeya,Flood,Yes,43.75%,0.286
2002-05-01,Mbeya,Any,Yes,0.00%,0.286
2002-06-01,Mbeya,Flood,Yes,43.75%,0.17
2002-06-01,Mbeya,Any,Yes,0.00%,0.17
2002-08-01,Mwanza,Trigger Severity Left,Yes,0.00%,0.292
2003-01-01,Morogoro,Trigger Severity Left,Yes,0.00%,0.384
2003-03-01,Morogoro,Crop Failure,Yes,15.00%,0.1159999999999999
2003-03-01,Morogoro,Moderate Stress,Yes,0.00%,0.1159999999999999
2003-04-01,Arusha,Trigger Severity Left,Yes,0.00%,0.11275
2003-04-01,Dar es Salaam,Trigger Severity Left,Yes,0.00%,0.11275
2003-04-01,Morogoro,Trigger Severity Left,Yes,0.00%,0.11275
2003-04-01,Morogoro,Days Since,Yes,0.00%,0.11275
2003-05-01,Dar es Salaam,Crop Failure,Yes,15.00%,0.213
2003-05-01,Dar es Salaam,Moderate Stress,Yes,0.00%,0.213
2003-05-01,Dar es Salaam,Severe Stress,Yes,0.00%,0.213
2003-06-01,Dar es Salaam,Days Since,Yes,0.00%,0.19475
2003-09-01,Dodoma,Drought,Yes,62.50%,0.252
2003-09-01,Dodoma,Any,Yes,0.00%,0.252
2003-10-01,Dodoma,Drought,Yes,43.75%,0.26075
2003-10-01,Dodoma,Any,Yes,0.00%,0.26075
2003-10-01,Morogoro,Drought,Yes,43.75%,0.26075
2003-10-01,Morogoro,Any,Yes,0.00%,0.26075
2003-10-01,Mwanza,Trigger Severity Left,Yes,0.00%,0.26075
2003-11-01,Dar es Salaam,Drought,Yes,62.50%,0.27
2003-11-01,Dar es Salaam,Any,Yes,0.00%,0.27
2003-11-01,Dodoma,Drought,Yes,81.25%,0.27
2003-11-01,Dodoma,Any,Yes,0.00%,0.27
2003-11-01,Morogoro,Drought,Yes,81.25%,0.27
2003-11-01,Morogoro,Any,Yes,0.00%,0.27
2003-11-01,Morogoro,Trigger Severity Left,Yes,0.00%,0.27
2003-12-01,Arusha,Crop Failure,Yes,15.00%,0.31725
2003-12-01,Arusha,Severe Stress,Yes,0.00%,0.31725
2003-12-01,Dar es Salaam,Drought,Yes,81.25%,0.31725
2003-12-01,Dar es Salaam,Any,Yes,0.00%,0.31725
2003-12-01,Morogoro,Drought,Yes,62.50%,0.31725
2003-12-01,Morogoro,Any,Yes,0.00%,0.31725
2003-12-01,Morogoro,Crop Failure,Yes,15.00%,0.31725
2003-12-01,Morogoro,Severe Stress,Yes,0.00%,0.31725
2004-01-01,Arusha,Days Since,Yes,0.00%,0.285
2004-01-01,Morogoro,Days Since,Yes,0.00%,0.285
2004-04-01,Dar es Salaam,Flood,Yes,43.75%,0.2339999999999999
2004-04-01,Dar es Salaam,Any,Yes,0.00%,0.2339999999999999
2004-05-01,Arusha,Trigger Severity Left,Yes,0.00%,0.34125
2004-05-01,Dar es Salaam,Trigger Severity Left,Yes,0.00%,0.34125
2004-05-01,Morogoro,Trigger Severity Left,Yes,0.00%,0.34125
2004-06-01,Mwanza,Trigger Severity Left,Yes,0.00%,0.296
2004-07-01,Dar es Salaam,Trigger Severity Left,Yes,0.00%,0.294
2004-08-01,Arusha,Crop Failure,Yes,15.00%,0.168
2004-08-01,Arusha,Moderate Stress,Yes,0.00%,0.168
2004-08-01,Arusha,Severe Stress,Yes,0.00%,0.168
2004-08-01,Dodoma,Drought,Yes,62.50%,0.168
2004-08-01,Dodoma,Any,Yes,0.00%,0.168
2004-09-01,Arusha,Days Since,Yes,0.00%,0.22
2004-09-01,Dodoma,Drought,Yes,62.50%,0.22
2004-09-01,Dodoma,Any,Yes,0.00%,0.22
2004-10-01,Dar es Salaam,Drought,Yes,43.75%,0.254
2004-10-01,Dar es Salaam,Any,Yes,0.00%,0.254
2004-10-01,Dodoma,Drought,Yes,62.50%,0.254
2004-10-01,Dodoma,Any,Yes,0.00%,0.254
2004-10-01,Mbeya,Drought,Yes,43.75%,0.254
2004-10-01,Mbeya,Any,Yes,0.00%,0.254
2004-10-01,Morogoro,Drought,Yes,43.75%,0.254
2004-10-01,Morogoro,Any,Yes,0.00%,0.254
2004-11-01,Arusha,Drought,Yes,43.75%,0.292
2004-11-01,Arusha,Any,Yes,0.00%,0.292
2004-11-01,Dar es Salaam,Drought,Yes,43.75%,0.292
2004-11-01,Dar es Salaam,Any,Yes,0.00%,0.292
2004-11-01,Dodoma,Drought,Yes,43.75%,0.292
2004-11-01,Dodoma,Any,Yes,0.00%,0.292
2004-11-01,Mbeya,Drought,Yes,43.75%,0.292
2004-11-01,Mbeya,Any,Yes,0.00%,0.292
2004-11-01,Morogoro,Drought,Yes,43.75%,0.292
2004-11-01,Morogoro,Any,Yes,0.00%,0.292
2004-12-01,Mbeya,Flood,Yes,43.75%,0.3379999999999999
2004-12-01,Mbeya,Any,Yes,0.00%,0.3379999999999999
2005-01-01,Mbeya,Flood,Yes,43.75%,0.3279999999999999
2005-01-01,Mbeya,Any,Yes,0.00%,0.3279999999999999
2005-03-01,Mbeya,Flood,Yes,43.75%,0.148
2005-03-01,Mbeya,Any,Yes,0.00%,0.148
2005-04-01,Mbeya,Flood,Yes,43.75%,0.187
2005-04-01,Mbeya,Any,Yes,0.00%,0.187
2005-04-01,Mbeya,Trigger Severity Left,Yes,0.00%,0.187
2005-05-01,Arusha,Crop Failure,Yes,15.00%,0.178
2005-05-01,Arusha,Moderate Stress,Yes,0.00%,0.178
2005-05-01,Dar es Salaam,Flood,Yes,43.75%,0.178
2005-05-01,Dar es Salaam,Any,Yes,0.00%,0.178
2005-05-01,Mbeya,Flood,Yes,43.75%,0.178
2005-05-01,Mbeya,Any,Yes,0.00%,0.178
2005-06-01,Arusha,Days Since,Yes,0.00%,0.204
2005-08-01,Mbeya,Crop Failure,Yes,15.00%,0.31425
2005-08-01,Mbeya,Moderate Stress,Yes,0.00%,0.31425
2005-09-01,Dodoma,Drought,Yes,62.50%,0.3555
2005-09-01,Dodoma,Any,Yes,0.00%,0.3555
2005-09-01,Mbeya,Crop Failure,Yes,15.00%,0.3555
2005-09-01,Mbeya,Moderate Stress,Yes,0.00%,0.3555
2005-09-01,Morogoro,Drought,Yes,43.75%,0.3555
2005-09-01,Morogoro,Any,Yes,0.00%,0.3555
2005-10-01,Dodoma,Drought,Yes,43.75%,0.367
2005-10-01,Dodoma,Any,Yes,0.00%,0.367
2005-10-01,Mbeya,Crop Failure,Yes,15.00%,0.367
2005-10-01,Mbeya,Severe Stress,Yes,0.00%,0.367
2005-10-01,Morogoro,Drought,Yes,62.50%,0.367
2005-10-01,Morogoro,Any,Yes,0.00%,0.367
2005-11-01,Arusha,Drought,Yes,62.50%,0.222
2005-11-01,Arusha,Any,Yes,0.00%,0.222
2005-11-01,Dodoma,Drought,Yes,62.50%,0.222
2005-11-01,Dodoma,Any,Yes,0.00%,0.222
2005-11-01,Mbeya,Days Since,Yes,0.00%,0.222
2005-11-01,Morogoro,Drought,Yes,62.50%,0.222
2005-11-01,Morogoro,Any,Yes,0.00%,0.222
2005-11-01,Morogoro,Crop Failure,Yes,15.00%,0.222
2005-11-01,Morogoro,Severe Stress,Yes,0.00%,0.222
2005-11-01,Mwanza,Trigger Severity Left,Yes,0.00%,0.222
2005-12-01,Arusha,Drought,Yes,81.25%,0.3229999999999999
2005-12-01,Arusha,Any,Yes,0.00%,0.3229999999999999
2005-12-01,Arusha,Trigger Severity Left,Yes,0.00%,0.3229999999999999
2005-12-01,Arusha,Crop Failure,Yes,15.00%,0.3229999999999999
2005-12-01,Arusha,Severe Stress,Yes,0.00%,0.3229999999999999
2005-12-01,Dar es Salaam,Crop Failure,Yes,15.00%,0.3229999999999999
2005-12-01,Dar es Salaam,Moderate Stress,Yes,0.00%,0.3229999999999999
2005-12-01,Dar es Salaam,Severe Stress,Yes,0.00%,0.3229999999999999
2005-12-01,Dodoma,Drought,Yes,81.25%,0.3229999999999999
2005-12-01,Dodoma,Any,Yes,0.00%,0.3229999999999999
2005-12-01,Dodoma,Trigger Severity Left,Yes,0.00%,0.3229999999999999
2005-12-01,Mbeya,Trigger Severity Left,Yes,0.00%,0.3229999999999999
2005-12-01,Morogoro,Drought,Yes,81.25%,0.3229999999999999
2005-12-01,Morogoro,Any,Yes,0.00%,0.3229999999999999
2005-12-01,Morogoro,Trigger Severity Left,Yes,0.00%,0.3229999999999999
2005-12-01,Morogoro,Crop Failure,Yes,15.00%,0.3229999999999999
2005-12-01,Morogoro,Moderate Stress,Yes,0.00%,0.3229999999999999
2005-12-01,Morogoro,Severe Stress,Yes,0.00%,0.3229999999999999
2006-01-01,Arusha,Drought,Yes,62.50%,0.32375
2006-01-01,Arusha,Any,Yes,0.00%,0.32375
2006-01-01,Arusha,Crop Failure,Yes,15.00%,0.32375
2006-01-01,Arusha,Moderate Stress,Yes,0.00%,0.32375
2006-01-01,Arusha,Severe Stress,Yes,0.00%,0.32375
2006-01-01,Dar es Salaam,Crop Failure,Yes,15.00%,0.32375
2006-01-01,Dar es Salaam,Moderate Stress,Yes,0.00%,0.32375
2006-01-01,Dar es Salaam,Severe Stress,Yes,0.00%,0.32375
2006-01-01,Dodoma,Trigger Severity Left,Yes,0.00%,0.32375
2006-01-01,Dodoma,Crop Failure,Yes,15.00%,0.32375
2006-01-01,Dodoma,Moderate Stress,Yes,0.00%,0.32375
2006-01-01,Dodoma,Severe Stress,Yes,0.00%,0.32375
2006-01-01,Morogoro,Drought,Yes,81.25%,0.32375
2006-01-01,Morogoro,Any,Yes,0.00%,0.32375
2006-01-01,Morogoro,Crop Failure,Yes,15.00%,0.32375
2006-01-01,Morogoro,Moderate Stress,Yes,0.00%,0.32375
2006-01-01,Morogoro,Severe Stress,Yes,0.00%,0.32375
2006-01-01,Mwanza,Crop Failure,Yes,15.00%,0.32375
2006-01-01,Mwanza,Moderate Stress,Yes,0.00%,0.32375
2006-02-01,Arusha,Drought,Yes,43.75%,0.39025
2006-02-01,Arusha,Any,Yes,0.00%,0.39025
2006-02-01,Arusha,Crop Failure,Yes,15.00%,0.39025
2006-02-01,Arusha,Moderate Stress,Yes,0.00%,0.39025
2006-02-01,Arusha,Severe Stress,Yes,0.00%,0.39025
2006-02-01,Dar es Salaam,Crop Failure,Yes,15.00%,0.39025
2006-02-01,Dar es Salaam,Moderate Stress,Yes,0.00%,0.39025
2006-02-01,Dar es Salaam,Severe Stress,Yes,0.00%,0.39025
2006-02-01,Dodoma,Crop Failure,Yes,15.00%,0.39025
2006-02-01,Dodoma,Moderate Stress,Yes,0.00%,0.39025
2006-02-01,Dodoma,Severe Stress,Yes,0.00%,0.39025
2006-02-01,Morogoro,Drought,Yes,43.75%,0.39025
2006-02-01,Morogoro,Any,Yes,0.00%,0.39025
2006-02-01,Morogoro,Crop Failure,Yes,15.00%,0.39025
2006-02-01,Morogoro,Moderate Stress,Yes,0.00%,0.39025
2006-02-01,Morogoro,Severe Stress,Yes,0.00%,0.39025
2006-02-01,Mwanza,Days Since,Yes,0.00%,0.39025
2006-03-01,Arusha,Days Since,Yes,0.00%,0.3705
2006-03-01,Dar es Salaam,Days Since,Yes,0.00%,0.3705
2006-03-01,Dodoma,Days Since,Yes,0.00%,0.3705
2006-03-01,Morogoro,Days Since,Yes,0.00%,0.3705
2006-04-01,Arusha,Flood,Yes,43.75%,0.11775
2006-04-01,Arusha,Any,Yes,0.00%,0.11775
2006-04-01,Dar es Salaam,Flood,Yes,43.75%,0.11775
2006-04-01,Dar es Salaam,Any,Yes,0.00%,0.11775
2006-08-01,Dodoma,Drought,Yes,62.50%,0.31725
2006-08-01,Dodoma,Any,Yes,0.00%,0.31725
2006-09-01,Dodoma,Drought,Yes,62.50%,0.255
2006-09-01,Dodoma,Any,Yes,0.00%,0.255
2006-10-01,Dodoma,Drought,Yes,62.50%,0.37825
2006-10-01,Dodoma,Any,Yes,0.00%,0.37825
2006-10-01,Morogoro,Drought,Yes,43.75%,0.37825
2006-10-01,Morogoro,Any,Yes,0.00%,0.37825
2006-10-01,Mwanza,Crop Failure,Yes,15.00%,0.37825
2006-10-01,Mwanza,Moderate Stress,Yes,0.00%,0.37825
2006-10-01,Mwanza,Severe Stress,Yes,0.00%,0.37825
2006-11-01,Dodoma,Drought,Yes,43.75%,0.4332499999999999
2006-11-01,Dodoma,Any,Yes,0.00%,0.4332499999999999
2006-11-01,Dodoma,Crop Failure,Yes,15.00%,0.4332499999999999
2006-11-01,Dodoma,Severe Stress,Yes,0.00%,0.4332499999999999
2006-11-01,Mbeya,Crop Failure,Yes,15.00%,0.4332499999999999
2006-11-01,Mbeya,Moderate Stress,Yes,0.00%,0.4332499999999999
2006-11-01,Mbeya,Severe Stress,Yes,0.00%,0.4332499999999999
2006-11-01,Mwanza,Flood,Yes,62.50%,0.4332499999999999
2006-11-01,Mwanza,Any,Yes,0.00%,0.4332499999999999
2006-11-01,Mwanza,Crop Failure,Yes,15.00%,0.4332499999999999
2006-11-01,Mwanza,Moderate Stress,Yes,0.00%,0.4332499999999999
2006-11-01,Mwanza,Severe Stress,Yes,0.00%,0.4332499999999999
2006-12-01,Dar es Salaam,Flood,Yes,43.75%,0.3909999999999999
2006-12-01,Dar es Salaam,Any,Yes,0.00%,0.3909999999999999
2006-12-01,Dodoma,Flood,Yes,62.50%,0.3909999999999999
2006-12-01,Dodoma,Any,Yes,0.00%,0.3909999999999999
2006-12-01,Dodoma,Days Since,Yes,0.00%,0.3909999999999999
2006-12-01,Mbeya,Flood,Yes,62.50%,0.3909999999999999
2006-12-01,Mbeya,Any,Yes,0.00%,0.3909999999999999
2006-12-01,Mbeya,Crop Failure,Yes,15.00%,0.3909999999999999
2006-12-01,Mbeya,Moderate Stress,Yes,0.00%,0.3909999999999999
2006-12-01,Mbeya,Severe Stress,Yes,0.00%,0.3909999999999999
2006-12-01,Mwanza,Flood,Yes,62.50%,0.3909999999999999
2006-12-01,Mwanza,Any,Yes,0.00%,0.3909999999999999
2006-12-01,Mwanza,Crop Failure,Yes,15.00%,0.3909999999999999
2006-12-01,Mwanza,Moderate Stress,Yes,0.00%,0.3909999999999999
2006-12-01,Mwanza,Severe Stress,Yes,0.00%,0.3909999999999999
2007-01-01,Mbeya,Days Since,Yes,0.00%,0.3879999999999999
2007-01-01,Mwanza,Days Since,Yes,0.00%,0.3879999999999999
2007-04-01,Dodoma,Trigger Severity Left,Yes,0.00%,0.184
2007-04-01,Mbeya,Flood,Yes,43.75%,0.184
2007-04-01,Mbeya,Any,Yes,0.00%,0.184
2007-04-01,Mwanza,Flood,Yes,43.75%,0.184
2007-04-01,Mwanza,Any,Yes,0.00%,0.184
2007-05-01,Mbeya,Flood,Yes,43.75%,0.236
2007-05-01,Mbeya,Any,Yes,0.00%,0.236
2007-05-01,Mwanza,Flood,Yes,43.75%,0.236
2007-05-01,Mwanza,Any,Yes,0.00%,0.236
2007-09-01,Dodoma,Drought,Yes,62.50%,0.3340000000000001
2007-09-01,Dodoma,Any,Yes,0.00%,0.3340000000000001
2007-10-01,Dodoma,Drought,Yes,62.50%,0.428
2007-10-01,Dodoma,Any,Yes,0.00%,0.428
2007-11-01,Dodoma,Drought,Yes,62.50%,0.34575
2007-11-01,Dodoma,Any,Yes,0.00%,0.34575
2007-12-01,Mbeya,Flood,Yes,43.75%,0.45675
2007-12-01,Mbeya,Any,Yes,0.00%,0.45675
2008-03-01,Arusha,Flood,Yes,43.75%,0.298
2008-03-01,Arusha,Any,Yes,0.00%,0.298
2008-04-01,Dar es Salaam,Flood,Yes,43.75%,0.32025
2008-04-01,Dar es Salaam,Any,Yes,0.00%,0.32025
2008-05-01,Mwanza,Trigger Severity Left,Yes,0.00%,0.288
2009-01-01,Mbeya,Flood,Yes,43.75%,0.29
2009-01-01,Mbeya,Any,Yes,0.00%,0.29
2009-03-01,Arusha,Trigger Severity Left,Yes,0.00%,0.322
2009-03-01,Mbeya,Flood,Yes,62.50%,0.322
2009-03-01,Mbeya,Any,Yes,0.00%,0.322
2009-07-01,Dar es Salaam,Crop Failure,Yes,15.00%,0.25
2009-07-01,Dar es Salaam,Moderate Stress,Yes,0.00%,0.25
2009-07-01,Dar es Salaam,Severe Stress,Yes,0.00%,0.25
2009-08-01,Arusha,Crop Failure,Yes,15.00%,0.156
2009-08-01,Arusha,Moderate Stress,Yes,0.00%,0.156
2009-08-01,Arusha,Severe Stress,Yes,0.00%,0.156
2009-08-01,Dar es Salaam,Crop Failure,Yes,15.00%,0.156
2009-08-01,Dar es Salaam,Moderate Stress,Yes,0.00%,0.156
2009-08-01,Dar es Salaam,Severe Stress,Yes,0.00%,0.156
2009-08-01,Morogoro,Crop Failure,Yes,15.00%,0.156
2009-08-01,Morogoro,Moderate Stress,Yes,0.00%,0.156
2009-08-01,Morogoro,Severe Stress,Yes,0.00%,0.156
2009-09-01,Arusha,Days Since,Yes,0.00%,0.222
2009-09-01,Dar es Salaam,Crop Failure,Yes,15.00%,0.222
2009-09-01,Dar es Salaam,Moderate Stress,Yes,0.00%,0.222
2009-09-01,Dar es Salaam,Severe Stress,Yes,0.00%,0.222
2009-09-01,Dodoma,Drought,Yes,62.50%,0.222
2009-09-01,Dodoma,Any,Yes,0.00%,0.222
2009-09-01,Morogoro,Trigger Severity Left,Yes,0.00%,0.222
2009-09-01,Morogoro,Days Since,Yes,0.00%,0.222
2009-10-01,Dar es Salaam,Crop Failure,Yes,15.00%,0.322
2009-10-01,Dar es Salaam,Moderate Stress,Yes,0.00%,0.322
2009-10-01,Dodoma,Drought,Yes,62.50%,0.322
2009-10-01,Dodoma,Any,Yes,0.00%,0.322
2009-10-01,Mbeya,Drought,Yes,43.75%,0.322
2009-10-01,Mbeya,Any,Yes,0.00%,0.322
2009-10-01,Mbeya,Crop Failure,Yes,15.00%,0.322
2009-10-01,Mbeya,Severe Stress,Yes,0.00%,0.322
2009-11-01,Dar es Salaam,Drought,Yes,62.50%,0.432
2009-11-01,Dar es Salaam,Any,Yes,0.00%,0.432
2009-11-01,Dar es Salaam,Days Since,Yes,0.00%,0.432
2009-11-01,Mbeya,Days Since,Yes,0.00%,0.432
2009-11-01,Morogoro,Drought,Yes,43.75%,0.432
2009-11-01,Morogoro,Any,Yes,0.00%,0.432
2009-12-01,Mbeya,Flood,Yes,43.75%,0.392
2009-12-01,Mbeya,Any,Yes,0.00%,0.392
2010-02-01,Mbeya,Crop Failure,Yes,15.00%,0.3297499999999999
2010-02-01,Mbeya,Moderate Stress,Yes,0.00%,0.3297499999999999
2010-02-01,Mbeya,Severe Stress,Yes,0.00%,0.3297499999999999
2010-03-01,Mbeya,Flood,Yes,43.75%,0.4025
2010-03-01,Mbeya,Any,Yes,0.00%,0.4025
2010-03-01,Mbeya,Days Since,Yes,0.00%,0.4025
2010-04-01,Dar es Salaam,Flood,Yes,43.75%,0.2025
2010-04-01,Dar es Salaam,Any,Yes,0.00%,0.2025
2010-04-01,Mbeya,Flood,Yes,43.75%,0.2025
2010-04-01,Mbeya,Any,Yes,0.00%,0.2025
2010-05-01,Mbeya,Flood,Yes,43.75%,0.1215
2010-05-01,Mbeya,Any,Yes,0.00%,0.1215
2010-07-01,Arusha,Trigger Severity Left,Yes,0.00%,0.29025
2010-07-01,Mwanza,Trigger Severity Left,Yes,0.00%,0.29025
2010-08-01,Arusha,Trigger Severity Left,Yes,0.00%,0.4054999999999999
2010-09-01,Dodoma,Drought,Yes,62.50%,0.419
2010-09-01,Dodoma,Any,Yes,0.00%,0.419
2010-10-01,Arusha,Trigger Severity Left,Yes,0.00%,0.51725
2010-10-01,Dar es Salaam,Drought,Yes,62.50%,0.51725
2010-10-01,Dar es Salaam,Any,Yes,0.00%,0.51725
2010-10-01,Dodoma,Drought,Yes,62.50%,0.51725
2010-10-01,Dodoma,Any,Yes,0.00%,0.51725
2010-10-01,Mbeya,Trigger Severity Left,Yes,0.00%,0.51725
2010-10-01,Morogoro,Drought,Yes,81.25%,0.51725
2010-10-01,Morogoro,Any,Yes,0.00%,0.51725
2010-11-01,Arusha,Climate Drought,Yes,100.00%,0.57175
2010-11-01,Arusha,Any Climate,Yes,0.00%,0.57175
2010-11-01,Dar es Salaam,Drought,Yes,43.75%,0.57175
2010-11-01,Dar es Salaam,Any,Yes,0.00%,0.57175
2010-11-01,Dar es Salaam,Climate Drought,Yes,100.00%,0.57175
2010-11-01,Dar es Salaam,Any Climate,Yes,0.00%,0.57175
2010-11-01,Dodoma,Drought,Yes,43.75%,0.57175
2010-11-01,Dodoma,Any,Yes,0.00%,0.57175
2010-11-01,Dodoma,Climate Drought,Yes,100.00%,0.57175
2010-11-01,Dodoma,Any Climate,Yes,0.00%,0.57175
2010-11-01,Mbeya,Trigger Severity Left,Yes,0.00%,0.57175
2010-11-01,Mbeya,Climate Drought,Yes,100.00%,0.57175
2010-11-01,Mbeya,Any Climate,Yes,0.00%,0.57175
2010-11-01,Morogoro,Drought,Yes,62.50%,0.57175
2010-11-01,Morogoro,Any,Yes,0.00%,0.57175
2010-11-01,Morogoro,Climate Drought,Yes,100.00%,0.57175
2010-11-01,Morogoro,Any Climate,Yes,0.00%,0.57175
2010-11-01,Mwanza,Climate Drought,Yes,100.00%,0.57175
2010-11-01,Mwanza,Any Climate,Yes,0.00%,0.57175
2010-12-01,Dar es Salaam,Drought,Yes,43.75%,0.531
2010-12-01,Dar es Salaam,Any,Yes,0.00%,0.531
2011-04-01,Dar es Salaam,Flood,Yes,43.75%,0.306
2011-04-01,Dar es Salaam,Any,Yes,0.00%,0.306
2011-05-01,Morogoro,Crop Failure,Yes,15.00%,0.33225
2011-05-01,Morogoro,Moderate Stress,Yes,0.00%,0.33225
2011-06-01,Mbeya,Trigger Severity Left,Yes,0.00%,0.128
2011-06-01,Morogoro,Days Since,Yes,0.00%,0.128
2011-10-01,Dar es Salaam,Drought,Yes,62.50%,0.322
2011-10-01,Dar es Salaam,Any,Yes,0.00%,0.322
2011-10-01,Dodoma,Drought,Yes,62.50%,0.322
2011-10-01,Dodoma,Any,Yes,0.00%,0.322
2011-10-01,Mbeya,Drought,Yes,43.75%,0.322
2011-10-01,Mbeya,Any,Yes,0.00%,0.322
2011-11-01,Dodoma,Drought,Yes,43.75%,0.3779999999999999
2011-11-01,Dodoma,Any,Yes,0.00%,0.3779999999999999
2011-11-01,Mbeya,Drought,Yes,43.75%,0.3779999999999999
2011-11-01,Mbeya,Any,Yes,0.00%,0.3779999999999999
2011-11-01,Mwanza,Flood,Yes,62.50%,0.3779999999999999
2011-11-01,Mwanza,Any,Yes,0.00%,0.3779999999999999
2011-12-01,Dar es Salaam,Flood,Yes,62.50%,0.44
2011-12-01,Dar es Salaam,Any,Yes,0.00%,0.44
2011-12-01,Mbeya,Flood,Yes,43.75%,0.44
2011-12-01,Mbeya,Any,Yes,0.00%,0.44
2011-12-01,Morogoro,Flood,Yes,62.50%,0.44
2011-12-01,Morogoro,Any,Yes,0.00%,0.44
2012-03-01,Mwanza,Trigger Severity Left,Yes,0.00%,0.3179999999999999
2012-04-01,Arusha,Flood,Yes,43.75%,0.2017499999999999
2012-04-01,Arusha,Any,Yes,0.00%,0.2017499999999999
2012-04-01,Mwanza,Crop Failure,Yes,15.00%,0.2017499999999999
2012-04-01,Mwanza,Moderate Stress,Yes,0.00%,0.2017499999999999
2012-05-01,Mwanza,Days Since,Yes,0.00%,0.2245
2012-06-01,Arusha,Trigger Severity Left,Yes,0.00%,0.122
2012-07-01,Morogoro,Trigger Severity Left,Yes,0.00%,0.3465
2012-09-01,Arusha,Trigger Severity Left,Yes,0.00%,0.38725
2012-09-01,Mbeya,Drought,Yes,43.75%,0.38725
2012-09-01,Mbeya,Any,Yes,0.00%,0.38725
2012-09-01,Morogoro,Crop Failure,Yes,15.00%,0.38725
2012-09-01,Morogoro,Moderate Stress,Yes,0.00%,0.38725
2012-09-01,Morogoro,Severe Stress,Yes,0.00%,0.38725
2012-10-01,Arusha,Drought,Yes,43.75%,0.2815
2012-10-01,Arusha,Any,Yes,0.00%,0.2815
2012-10-01,Dar es Salaam,Trigger Severity Left,Yes,0.00%,0.2815
2012-10-01,Dodoma,Drought,Yes,43.75%,0.2815
2012-10-01,Dodoma,Any,Yes,0.00%,0.2815
2012-10-01,Mbeya,Drought,Yes,43.75%,0.2815
2012-10-01,Mbeya,Any,Yes,0.00%,0.2815
2012-10-01,Morogoro,Trigger Severity Left,Yes,0.00%,0.2815
2012-10-01,Morogoro,Days Since,Yes,0.00%,0.2815
2012-11-01,Mbeya,Drought,Yes,43.75%,0.225
2012-11-01,Mbeya,Any,Yes,0.00%,0.225
2012-12-01,Mbeya,Flood,Yes,43.75%,0.267
2012-12-01,Mbeya,Any,Yes,0.00%,0.267
2013-04-01,Arusha,Flood,Yes,43.75%,0.33425
2013-04-01,Arusha,Any,Yes,0.00%,0.33425
2013-04-01,Mbeya,Flood,Yes,43.75%,0.33425
2013-04-01,Mbeya,Any,Yes,0.00%,0.33425
2013-05-01,Mbeya,Flood,Yes,43.75%,0.3985
2013-05-01,Mbeya,Any,Yes,0.00%,0.3985
2013-06-01,Morogoro,Trigger Severity Left,Yes,0.00%,0.40625
2013-06-01,Morogoro,Crop Failure,Yes,15.00%,0.40625
2013-06-01,Morogoro,Moderate Stress,Yes,0.00%,0.40625
2013-06-01,Morogoro,Severe Stress,Yes,0.00%,0.40625
2013-07-01,Dar es Salaam,Crop Failure,Yes,0.00%,0.325
2013-07-01,Dar es Salaam,Moderate Stress,Yes,0.00%,0.325
2013-07-01,Morogoro,Days Since,Yes,0.00%,0.325
2013-08-01,Dar es Salaam,Days Since,Yes,0.00%,0.3125
2013-09-01,Dodoma,Drought,Yes,62.50%,0.3295
2013-09-01,Dodoma,Any,Yes,0.00%,0.3295
2013-10-01,Dodoma,Drought,Yes,62.50%,0.278
2013-10-01,Dodoma,Any,Yes,0.00%,0.278
2013-11-01,Dodoma,Drought,Yes,62.50%,0.24975
2013-11-01,Dodoma,Any,Yes,0.00%,0.24975
2013-12-01,Mbeya,Flood,Yes,43.75%,0.254
2013-12-01,Mbeya,Any,Yes,0.00%,0.254
2014-01-01,Mbeya,Flood,Yes,43.75%,0.30925
2014-01-01,Mbeya,Any,Yes,0.00%,0.30925
2014-02-01,Mbeya,Crop Failure,Yes,0.00%,0.31425
2014-02-01,Mbeya,Moderate Stress,Yes,0.00%,0.31425
2014-03-01,Dar es Salaam,Flood,Yes,62.50%,0.29175
2014-03-01,Dar es Salaam,Any,Yes,0.00%,0.29175
2014-03-01,Mbeya,Flood,Yes,43.75%,0.29175
2014-03-01,Mbeya,Any,Yes,0.00%,0.29175
2014-03-01,Mbeya,Days Since,Yes,0.00%,0.29175
2014-04-01,Dar es Salaam,Flood,Yes,43.75%,0.2145
2014-04-01,Dar es Salaam,Any,Yes,0.00%,0.2145
2014-04-01,Mbeya,Flood,Yes,43.75%,0.2145
2014-04-01,Mbeya,Any,Yes,0.00%,0.2145
2014-04-01,Mbeya,Moderate Stress,Yes,0.00%,0.2145
2014-04-01,Mwanza,Trigger Severity Left,Yes,0.00%,0.2145
2014-04-01,Mwanza,Moderate Stress,Yes,0.00%,0.2145
2014-05-01,Dar es Salaam,Flood,Yes,43.75%,0.242
2014-05-01,Dar es Salaam,Any,Yes,0.00%,0.242
2014-05-01,Mbeya,Flood,Yes,43.75%,0.242
2014-05-01,Mbeya,Any,Yes,0.00%,0.242
2014-05-01,Mbeya,Trigger Severity Left,Yes,0.00%,0.242
2014-05-01,Mwanza,Crop Failure,Yes,15.00%,0.242
2014-05-01,Mwanza,Moderate Stress,Yes,0.00%,0.242
2014-05-01,Mwanza,Severe Stress,Yes,0.00%,0.242
2014-06-01,Mbeya,Flood,Yes,43.75%,0.2319999999999999
2014-06-01,Mbeya,Any,Yes,0.00%,0.2319999999999999
2014-06-01,Mwanza,Crop Failure,Yes,15.00%,0.2319999999999999
2014-06-01,Mwanza,Moderate Stress,Yes,0.00%,0.2319999999999999
2014-06-01,Mwanza,Severe Stress,Yes,0.00%,0.2319999999999999
2014-07-01,Mwanza,Days Since,Yes,0.00%,0.29075
2014-08-01,Dar es Salaam,Trigger Severity Left,Yes,0.00%,0.293
2014-09-01,Dodoma,Drought,Yes,62.50%,0.246
2014-09-01,Dodoma,Any,Yes,0.00%,0.246
2014-10-01,Dodoma,Drought,Yes,43.75%,0.33325
2014-10-01,Dodoma,Any,Yes,0.00%,0.33325
2014-11-01,Dodoma,Drought,Yes,43.75%,0.1705
2014-11-01,Dodoma,Any,Yes,0.00%,0.1705
2014-12-01,Dar es Salaam,Flood,Yes,43.75%,0.2235
2014-12-01,Dar es Salaam,Any,Yes,0.00%,0.2235
2015-03-01,Arusha,Crop Failure,Yes,15.00%,0.146
2015-03-01,Arusha,Moderate Stress,Yes,0.00%,0.146
2015-03-01,Arusha,Severe Stress,Yes,0.00%,0.146
2015-03-01,Dar es Salaam,Crop Failure,Yes,15.00%,0.146
2015-03-01,Dar es Salaam,Moderate Stress,Yes,0.00%,0.146
2015-03-01,Dar es Salaam,Severe Stress,Yes,0.00%,0.146
2015-03-01,Dodoma,Crop Failure,Yes,15.00%,0.146
2015-03-01,Dodoma,Moderate Stress,Yes,0.00%,0.146
2015-03-01,Dodoma,Severe Stress,Yes,0.00%,0.146
2015-03-01,Mbeya,Trigger Severity Left,Yes,0.00%,0.146
2015-03-01,Morogoro,Crop Failure,Yes,15.00%,0.146
2015-03-01,Morogoro,Moderate Stress,Yes,0.00%,0.146
2015-03-01,Morogoro,Severe Stress,Yes,0.00%,0.146
2015-03-01,Mwanza,Crop Failure,Yes,15.00%,0.146
2015-03-01,Mwanza,Moderate Stress,Yes,0.00%,0.146
2015-03-01,Mwanza,Severe Stress,Yes,0.00%,0.146
2015-04-01,Arusha,Flood,Yes,43.75%,0.22
2015-04-01,Arusha,Any,Yes,0.00%,0.22
2015-04-01,Arusha,Days Since,Yes,0.00%,0.22
2015-04-01,Dar es Salaam,Days Since,Yes,0.00%,0.22
2015-04-01,Dodoma,Crop Failure,Yes,15.00%,0.22
2015-04-01,Dodoma,Moderate Stress,Yes,0.00%,0.22
2015-04-01,Dodoma,Severe Stress,Yes,0.00%,0.22
2015-04-01,Morogoro,Days Since,Yes,0.00%,0.22
2015-04-01,Mwanza,Flood,Yes,62.50%,0.22
2015-04-01,Mwanza,Any,Yes,0.00%,0.22
2015-04-01,Mwanza,Days Since,Yes,0.00%,0.22
2015-05-01,Dar es Salaam,Flood,Yes,62.50%,0.366
2015-05-01,Dar es Salaam,Any,Yes,0.00%,0.366
2015-05-01,Dodoma,Crop Failure,Yes,15.00%,0.366
2015-05-01,Dodoma,Moderate Stress,Yes,0.00%,0.366
2015-05-01,Dodoma,Severe Stress,Yes,0.00%,0.366
2015-06-01,Dar es Salaam,Flood,Yes,43.75%,0.47
2015-06-01,Dar es Salaam,Any,Yes,0.00%,0.47
2015-06-01,Dodoma,Crop Failure,Yes,15.00%,0.47
2015-06-01,Dodoma,Moderate Stress,Yes,0.00%,0.47
2015-06-01,Dodoma,Severe Stress,Yes,0.00%,0.47
2015-07-01,Arusha,Crop Failure,Yes,15.00%,0.40025
2015-07-01,Arusha,Moderate Stress,Yes,0.00%,0.40025
2015-07-01,Arusha,Severe Stress,Yes,0.00%,0.40025
2015-07-01,Dodoma,Crop Failure,Yes,15.00%,0.40025
2015-07-01,Dodoma,Moderate Stress,Yes,0.00%,0.40025
2015-07-01,Dodoma,Severe Stress,Yes,0.00%,0.40025
2015-08-01,Arusha,Days Since,Yes,0.00%,0.59375
2015-08-01,Dodoma,Crop Failure,Yes,15.00%,0.59375
2015-08-01,Dodoma,Moderate Stress,Yes,0.00%,0.59375
2015-08-01,Dodoma,Severe Stress,Yes,0.00%,0.59375
2015-09-01,Dodoma,Crop Failure,Yes,15.00%,0.5935
2015-09-01,Dodoma,Moderate Stress,Yes,0.00%,0.5935
2015-09-01,Dodoma,Severe Stress,Yes,0.00%,0.5935
2015-10-01,Dodoma,Drought,Yes,62.50%,0.6807500000000001
2015-10-01,Dodoma,Any,Yes,0.00%,0.6807500000000001
2015-10-01,Dodoma,Crop Failure,Yes,15.00%,0.6807500000000001
2015-10-01,Dodoma,Moderate Stress,Yes,0.00%,0.6807500000000001
2015-10-01,Dodoma,Severe Stress,Yes,0.00%,0.6807500000000001
2015-10-01,Morogoro,Crop Failure,Yes,15.00%,0.6807500000000001
2015-10-01,Morogoro,Moderate Stress,Yes,0.00%,0.6807500000000001
2015-10-01,Morogoro,Severe Stress,Yes,0.00%,0.6807500000000001
2015-11-01,Dodoma,Drought,Yes,43.75%,0.68675
2015-11-01,Dodoma,Any,Yes,0.00%,0.68675
2015-11-01,Dodoma,Days Since,Yes,0.00%,0.68675
2015-11-01,Morogoro,Days Since,Yes,0.00%,0.68675
2015-12-01,Mbeya,Flood,Yes,43.75%,0.6679999999999999
2015-12-01,Mbeya,Any,Yes,0.00%,0.6679999999999999
2016-01-01,Dodoma,Flood,Yes,43.75%,0.6665000000000001
2016-01-01,Dodoma,Any,Yes,0.00%,0.6665000000000001
2016-01-01,Mbeya,Flood,Yes,43.75%,0.6665000000000001
2016-01-01,Mbeya,Any,Yes,0.00%,0.6665000000000001
2016-03-01,Mbeya,Flood,Yes,43.75%,0.516
2016-03-01,Mbeya,Any,Yes,0.00%,0.516
2016-04-01,Arusha,Flood,Yes,43.75%,0.2644999999999999
2016-04-01,Arusha,Any,Yes,0.00%,0.2644999999999999
2016-04-01,Dar es Salaam,Flood,Yes,43.75%,0.2644999999999999
2016-04-01,Dar es Salaam,Any,Yes,0.00%,0.2644999999999999
2016-04-01,Mbeya,Flood,Yes,43.75%,0.2644999999999999
2016-04-01,Mbeya,Any,Yes,0.00%,0.2644999999999999
2016-04-01,Morogoro,Flood,Yes,62.50%,0.2644999999999999
2016-04-01,Morogoro,Any,Yes,0.00%,0.2644999999999999
2016-04-01,Morogoro,Crop Failure,Yes,15.00%,0.2644999999999999
2016-04-01,Morogoro,Moderate Stress,Yes,0.00%,0.2644999999999999
2016-05-01,Mbeya,Flood,Yes,43.75%,0.118
2016-05-01,Mbeya,Any,Yes,0.00%,0.118
2016-05-01,Morogoro,Days Since,Yes,0.00%,0.118
2016-06-01,Mbeya,Flood,Yes,43.75%,0.20475
2016-06-01,Mbeya,Any,Yes,0.00%,0.20475
2016-08-01,Mwanza,Crop Failure,Yes,15.00%,0.259
2016-08-01,Mwanza,Moderate Stress,Yes,0.00%,0.259
2016-08-01,Mwanza,Severe Stress,Yes,0.00%,0.259
2016-09-01,Mwanza,Days Since,Yes,0.00%,0.31525
2016-12-01,Arusha,Crop Failure,Yes,0.00%,0.3895
2016-12-01,Arusha,Severe Stress,Yes,0.00%,0.3895
2016-12-01,Dar es Salaam,Trigger Severity Left,Yes,0.00%,0.3895
2016-12-01,Mwanza,Trigger Severity Left,Yes,0.00%,0.3895
2017-01-01,Arusha,Crop Failure,Yes,15.00%,0.1295
2017-01-01,Arusha,Moderate Stress,Yes,0.00%,0.1295
2017-01-01,Arusha,Severe Stress,Yes,0.00%,0.1295
2017-01-01,Dodoma,Crop Failure,Yes,15.00%,0.1295
2017-01-01,Dodoma,Moderate Stress,Yes,0.00%,0.1295
2017-01-01,Dodoma,Severe Stress,Yes,0.00%,0.1295
2017-01-01,Mbeya,Flood,Yes,43.75%,0.1295
2017-01-01,Mbeya,Any,Yes,0.00%,0.1295
2017-01-01,Mwanza,Trigger Severity Left,Yes,0.00%,0.1295
2017-01-01,Mwanza,Crop Failure,Yes,15.00%,0.1295
2017-01-01,Mwanza,Moderate Stress,Yes,0.00%,0.1295
2017-01-01,Mwanza,Severe Stress,Yes,0.00%,0.1295
2017-02-01,Arusha,Days Since,Yes,0.00%,0.1119999999999999
2017-02-01,Dar es Salaam,Crop Failure,Yes,15.00%,0.1119999999999999
2017-02-01,Dar es Salaam,Moderate Stress,Yes,0.00%,0.1119999999999999
2017-02-01,Dar es Salaam,Severe Stress,Yes,0.00%,0.1119999999999999
2017-02-01,Dodoma,Days Since,Yes,0.00%,0.1119999999999999
2017-02-01,Mwanza,Crop Failure,Yes,15.00%,0.1119999999999999
2017-02-01,Mwanza,Moderate Stress,Yes,0.00%,0.1119999999999999
2017-02-01,Mwanza,Severe Stress,Yes,0.00%,0.1119999999999999
2017-03-01,Dar es Salaam,Days Since,Yes,0.00%,0.2192499999999999
2017-03-01,Mwanza,Days Since,Yes,0.00%,0.2192499999999999
2017-04-01,Morogoro,Flood,Yes,62.50%,0.32475
2017-04-01,Morogoro,Any,Yes,0.00%,0.32475
2017-06-01,Dar es Salaam,Flood,Yes,43.75%,0.368
2017-06-01,Dar es Salaam,Any,Yes,0.00%,0.368
2017-06-01,Mwanza,Crop Failure,Yes,0.00%,0.368
2017-06-01,Mwanza,Moderate Stress,Yes,0.00%,0.368
2017-07-01,Dar es Salaam,Flood,Yes,43.75%,0.358
2017-07-01,Dar es Salaam,Any,Yes,0.00%,0.358
2017-07-01,Mwanza,Days Since,Yes,0.00%,0.358
2017-08-01,Dar es Salaam,Flood,Yes,43.75%,0.28725
2017-08-01,Dar es Salaam,Any,Yes,0.00%,0.28725
2017-08-01,Mwanza,Crop Failure,Yes,15.00%,0.28725
2017-08-01,Mwanza,Moderate Stress,Yes,0.00%,0.28725
2017-08-01,Mwanza,Severe Stress,Yes,0.00%,0.28725
2017-09-01,Dar es Salaam,Flood,Yes,43.75%,0.276
2017-09-01,Dar es Salaam,Any,Yes,0.00%,0.276
2017-09-01,Mwanza,Days Since,Yes,0.00%,0.276
2017-10-01,Dar es Salaam,Flood,Yes,62.50%,0.17
2017-10-01,Dar es Salaam,Any,Yes,0.00%,0.17
2017-11-01,Dar es Salaam,Flood,Yes,43.75%,0.248
2017-11-01,Dar es Salaam,Any,Yes,0.00%,0.248
2017-11-01,Dodoma,Crop Failure,Yes,15.00%,0.248
2017-11-01,Dodoma,Severe Stress,Yes,0.00%,0.248
2017-12-01,Dodoma,Crop Failure,Yes,15.00%,0.314
2017-12-01,Dodoma,Severe Stress,Yes,0.00%,0.314
2018-01-01,Dodoma,Flood,Yes,43.75%,0.3940000000000001
2018-01-01,Dodoma,Any,Yes,0.00%,0.3940000000000001
2018-01-01,Dodoma,Days Since,Yes,0.00%,0.3940000000000001
2018-01-01,Mbeya,Flood,Yes,43.75%,0.3940000000000001
2018-01-01,Mbeya,Any,Yes,0.00%,0.3940000000000001
2018-01-01,Morogoro,Flood,Yes,43.75%,0.3940000000000001
2018-01-01,Morogoro,Any,Yes,0.00%,0.3940000000000001
2018-02-01,Dodoma,Trigger Severity Left,Yes,0.00%,0.37
2018-02-01,Mwanza,Moderate Stress,Yes,0.00%,0.37
2018-03-01,Arusha,Flood,Yes,62.50%,0.37
2018-03-01,Arusha,Any,Yes,0.00%,0.37
2018-04-01,Arusha,Flood,Yes,62.50%,0.32075
2018-04-01,Arusha,Any,Yes,0.00%,0.32075
2018-04-01,Dar es Salaam,Flood,Yes,62.50%,0.32075
2018-04-01,Dar es Salaam,Any,Yes,0.00%,0.32075
2018-04-01,Dar es Salaam,Crop Failure,Yes,15.00%,0.32075
2018-04-01,Dar es Salaam,Moderate Stress,Yes,0.00%,0.32075
2018-04-01,Dar es Salaam,Severe Stress,Yes,0.00%,0.32075
2018-04-01,Mbeya,Flood,Yes,62.50%,0.32075
2018-04-01,Mbeya,Any,Yes,0.00%,0.32075
2018-04-01,Morogoro,Flood,Yes,43.75%,0.32075
2018-04-01,Morogoro,Any,Yes,0.00%,0.32075
2018-05-01,Arusha,Flood,Yes,43.75%,0.084
2018-05-01,Arusha,Any,Yes,0.00%,0.084
2018-05-01,Dar es Salaam,Days Since,Yes,0.00%,0.084
2018-05-01,Mbeya,Flood,Yes,43.75%,0.084
2018-05-01,Mbeya,Any,Yes,0.00%,0.084
2018-06-01,Dar es Salaam,Flood,Yes,43.75%,0.11875
2018-06-01,Dar es Salaam,Any,Yes,0.00%,0.11875
2018-07-01,Dar es Salaam,Flood,Yes,62.50%,0.15125
2018-07-01,Dar es Salaam,Any,Yes,0.00%,0.15125
2018-08-01,Dar es Salaam,Flood,Yes,43.75%,0.2365
2018-08-01,Dar es Salaam,Any,Yes,0.00%,0.2365
2018-09-01,Dar es Salaam,Flood,Yes,43.75%,0.449
2018-09-01,Dar es Salaam,Any,Yes,0.00%,0.449
2018-10-01,Dar es Salaam,Flood,Yes,43.75%,0.36325
2018-10-01,Dar es Salaam,Any,Yes,0.00%,0.36325
2018-10-01,Dodoma,Drought,Yes,43.75%,0.36325
2018-10-01,Dodoma,Any,Yes,0.00%,0.36325
2018-11-01,Dodoma,Drought,Yes,43.75%,0.385
2018-11-01,Dodoma,Any,Yes,0.00%,0.385
2019-02-01,Mwanza,Crop Failure,Yes,15.00%,0.4479999999999999
2019-02-01,Mwanza,Moderate Stress,Yes,0.00%,0.4479999999999999
2019-02-01,Mwanza,Severe Stress,Yes,0.00%,0.4479999999999999
2019-03-01,Mbeya,Flood,Yes,43.75%,0.3979999999999999
2019-03-01,Mbeya,Any,Yes,0.00%,0.3979999999999999
2019-03-01,Mwanza,Crop Failure,Yes,15.00%,0.3979999999999999
2019-03-01,Mwanza,Severe Stress,Yes,0.00%,0.3979999999999999
2019-04-01,Arusha,Flood,Yes,43.75%,0.3965000000000001
2019-04-01,Arusha,Any,Yes,0.00%,0.3965000000000001
2019-04-01,Arusha,Crop Failure,Yes,15.00%,0.3965000000000001
2019-04-01,Arusha,Moderate Stress,Yes,0.00%,0.3965000000000001
2019-04-01,Arusha,Severe Stress,Yes,0.00%,0.3965000000000001
2019-04-01,Mbeya,Flood,Yes,43.75%,0.3965000000000001
2019-04-01,Mbeya,Any,Yes,0.00%,0.3965000000000001
2019-04-01,Morogoro,Crop Failure,Yes,0.00%,0.3965000000000001
2019-04-01,Morogoro,Moderate Stress,Yes,0.00%,0.3965000000000001
2019-04-01,Mwanza,Crop Failure,Yes,15.00%,0.3965000000000001
2019-04-01,Mwanza,Moderate Stress,Yes,0.00%,0.3965000000000001
2019-04-01,Mwanza,Severe Stress,Yes,0.00%,0.3965000000000001
2019-05-01,Arusha,Days Since,Yes,0.00%,0.44275
2019-05-01,Mbeya,Flood,Yes,43.75%,0.44275
2019-05-01,Mbeya,Any,Yes,0.00%,0.44275
2019-05-01,Morogoro,Crop Failure,Yes,15.00%,0.44275
2019-05-01,Morogoro,Moderate Stress,Yes,0.00%,0.44275
2019-05-01,Morogoro,Severe Stress,Yes,0.00%,0.44275
2019-05-01,Mwanza,Days Since,Yes,0.00%,0.44275
2019-06-01,Dar es Salaam,Flood,Yes,43.75%,0.28125
2019-06-01,Dar es Salaam,Any,Yes,0.00%,0.28125
2019-06-01,Dar es Salaam,Trigger Severity Left,Yes,0.00%,0.28125
2019-06-01,Mbeya,Flood,Yes,43.75%,0.28125
2019-06-01,Mbeya,Any,Yes,0.00%,0.28125
2019-06-01,Morogoro,Days Since,Yes,0.00%,0.28125
2019-09-01,Mwanza,Crop Failure,Yes,15.00%,0.42125
2019-09-01,Mwanza,Moderate Stress,Yes,0.00%,0.42125
2019-10-01,Dar es Salaam,Flood,Yes,81.25%,0.5109999999999999
2019-10-01,Dar es Salaam,Any,Yes,0.00%,0.5109999999999999
2019-10-01,Mwanza,Days Since,Yes,0.00%,0.5109999999999999
2019-11-01,Dar es Salaam,Flood,Yes,43.75%,0.35075
2019-11-01,Dar es Salaam,Any,Yes,0.00%,0.35075
2019-12-01,Dar es Salaam,Flood,Yes,62.50%,0.25075
2019-12-01,Dar es Salaam,Any,Yes,0.00%,0.25075
2019-12-01,Mbeya,Flood,Yes,43.75%,0.25075
2019-12-01,Mbeya,Any,Yes,0.00%,0.25075
2020-01-01,Dodoma,Flood,Yes,62.50%,0.18325
2020-01-01,Dodoma,Any,Yes,0.00%,0.18325
2020-01-01,Mbeya,Flood,Yes,43.75%,0.18325
2020-01-01,Mbeya,Any,Yes,0.00%,0.18325
2020-01-01,Morogoro,Flood,Yes,62.50%,0.18325
2020-01-01,Morogoro,Any,Yes,0.00%,0.18325
2020-03-01,Arusha,Flood,Yes,62.50%,0.20475
2020-03-01,Arusha,Any,Yes,0.00%,0.20475
2020-03-01,Dar es Salaam,Flood,Yes,43.75%,0.20475
2020-03-01,Dar es Salaam,Any,Yes,0.00%,0.20475
2020-03-01,Dodoma,Flood,Yes,62.50%,0.20475
2020-03-01,Dodoma,Any,Yes,0.00%,0.20475
2020-03-01,Mbeya,Flood,Yes,81.25%,0.20475
2020-03-01,Mbeya,Any,Yes,0.00%,0.20475
2020-03-01,Morogoro,Flood,Yes,81.25%,0.20475
2020-03-01,Morogoro,Any,Yes,0.00%,0.20475
2020-04-01,Arusha,Flood,Yes,81.25%,0.198
2020-04-01,Arusha,Any,Yes,0.00%,0.198
2020-04-01,Mbeya,Flood,Yes,43.75%,0.198
2020-04-01,Mbeya,Any,Yes,0.00%,0.198
2020-04-01,Morogoro,Flood,Yes,62.50%,0.198
2020-04-01,Morogoro,Any,Yes,0.00%,0.198
2020-04-01,Mwanza,Flood,Yes,43.75%,0.198
2020-04-01,Mwanza,Any,Yes,0.00%,0.198
2020-05-01,Arusha,Flood,Yes,43.75%,0.2744999999999999
2020-05-01,Arusha,Any,Yes,0.00%,0.2744999999999999
2020-05-01,Dar es Salaam,Flood,Yes,43.75%,0.2744999999999999
2020-05-01,Dar es Salaam,Any,Yes,0.00%,0.2744999999999999
2020-05-01,Mbeya,Flood,Yes,43.75%,0.2744999999999999
2020-05-01,Mbeya,Any,Yes,0.00%,0.2744999999999999
2020-05-01,Morogoro,Flood,Yes,43.75%,0.2744999999999999
2020-05-01,Morogoro,Any,Yes,0.00%,0.2744999999999999
2020-05-01,Mwanza,Flood,Yes,43.75%,0.2744999999999999
2020-05-01,Mwanza,Any,Yes,0.00%,0.2744999999999999
2020-06-01,Arusha,Flood,Yes,43.75%,0.3135
2020-06-01,Arusha,Any,Yes,0.00%,0.3135
2020-06-01,Dar es Salaam,Flood,Yes,43.75%,0.3135
2020-06-01,Dar es Salaam,Any,Yes,0.00%,0.3135
2020-06-01,Mbeya,Flood,Yes,62.50%,0.3135
2020-06-01,Mbeya,Any,Yes,0.00%,0.3135
2020-06-01,Morogoro,Flood,Yes,43.75%,0.3135
2020-06-01,Morogoro,Any,Yes,0.00%,0.3135
2020-07-01,Dar es Salaam,Flood,Yes,43.75%,0.282
2020-07-01,Dar es Salaam,Any,Yes,0.00%,0.282
2020-08-01,Dar es Salaam,Flood,Yes,62.50%,0.1997499999999999
2020-08-01,Dar es Salaam,Any,Yes,0.00%,0.1997499999999999
2021-03-01,Dar es Salaam,Trigger Severity Left,Yes,0.00%,0.368
2021-04-01,Arusha,Flood,Yes,43.75%,0.332
2021-04-01,Arusha,Any,Yes,0.00%,0.332
2021-04-01,Dar es Salaam,Flood,Yes,43.75%,0.332
2021-04-01,Dar es Salaam,Any,Yes,0.00%,0.332
2021-04-01,Mbeya,Flood,Yes,43.75%,0.332
2021-04-01,Mbeya,Any,Yes,0.00%,0.332
2021-04-01,Mbeya,Crop Failure,Yes,15.00%,0.332
2021-04-01,Mbeya,Moderate Stress,Yes,0.00%,0.332
2021-04-01,Mbeya,Severe Stress,Yes,0.00%,0.332
2021-04-01,Morogoro,Crop Failure,Yes,15.00%,0.332
2021-04-01,Morogoro,Moderate Stress,Yes,0.00%,0.332
2021-04-01,Morogoro,Severe Stress,Yes,0.00%,0.332
2021-05-01,Arusha,Crop Failure,Yes,15.00%,0.136
2021-05-01,Arusha,Moderate Stress,Yes,0.00%,0.136
2021-05-01,Arusha,Severe Stress,Yes,0.00%,0.136
2021-05-01,Mbeya,Flood,Yes,43.75%,0.136
2021-05-01,Mbeya,Any,Yes,0.00%,0.136
2021-05-01,Mbeya,Days Since,Yes,0.00%,0.136
2021-05-01,Morogoro,Days Since,Yes,0.00%,0.136
2021-06-01,Arusha,Crop Failure,Yes,15.00%,0.1564999999999999
2021-06-01,Arusha,Moderate Stress,Yes,0.00%,0.1564999999999999
2021-06-01,Arusha,Severe Stress,Yes,0.00%,0.1564999999999999
2021-06-01,Dar es Salaam,Crop Failure,Yes,15.00%,0.1564999999999999
2021-06-01,Dar es Salaam,Moderate Stress,Yes,0.00%,0.1564999999999999
2021-06-01,Dar es Salaam,Severe Stress,Yes,0.00%,0.1564999999999999
2021-06-01,Mbeya,Flood,Yes,43.75%,0.1564999999999999
2021-06-01,Mbeya,Any,Yes,0.00%,0.1564999999999999
2021-07-01,Arusha,Days Since,Yes,0.00%,0.257
2021-07-01,Dar es Salaam,Crop Failure,Yes,15.00%,0.257
2021-07-01,Dar es Salaam,Moderate Stress,Yes,0.00%,0.257
2021-07-01,Dar es Salaam,Severe Stress,Yes,0.00%,0.257
2021-08-01,Dar es Salaam,Days Since,Yes,0.00%,0.28275
2022-01-01,Dodoma,Flood,Yes,62.50%,0.408
2022-01-01,Dodoma,Any,Yes,0.00%,0.408
2022-01-01,Mbeya,Crop Failure,Yes,15.00%,0.408
2022-01-01,Mbeya,Moderate Stress,Yes,0.00%,0.408
2022-01-01,Morogoro,Flood,Yes,43.75%,0.408
2022-01-01,Morogoro,Any,Yes,0.00%,0.408
2022-02-01,Mbeya,Flood,Yes,81.25%,0.4067499999999999
2022-02-01,Mbeya,Any,Yes,0.00%,0.4067499999999999
2022-02-01,Mbeya,Days Since,Yes,0.00%,0.4067499999999999
2022-03-01,Mbeya,Flood,Yes,62.50%,0.42125
2022-03-01,Mbeya,Any,Yes,0.00%,0.42125
2022-04-01,Dar es Salaam,Flood,Yes,43.75%,0.429
2022-04-01,Dar es Salaam,Any,Yes,0.00%,0.429
2022-04-01,Mbeya,Flood,Yes,43.75%,0.429
2022-04-01,Mbeya,Any,Yes,0.00%,0.429
2022-05-01,Mbeya,Flood,Yes,43.75%,0.4285
2022-05-01,Mbeya,Any,Yes,0.00%,0.4285
2022-06-01,Dar es Salaam,Crop Failure,Yes,15.00%,0.45375
2022-06-01,Dar es Salaam,Moderate Stress,Yes,0.00%,0.45375
2022-06-01,Dar es Salaam,Severe Stress,Yes,0.00%,0.45375
2022-06-01,Mbeya,Flood,Yes,43.75%,0.45375
2022-06-01,Mbeya,Any,Yes,0.00%,0.45375
2022-07-01,Dar es Salaam,Moderate Stress,Yes,0.00%,0.41075
2022-07-01,Dar es Salaam,Days Since,Yes,0.00%,0.41075
2022-07-01,Mbeya,Flood,Yes,43.75%,0.41075
2022-07-01,Mbeya,Any,Yes,0.00%,0.41075
2022-09-01,Arusha,Crop Failure,Yes,15.00%,0.4825
2022-09-01,Arusha,Moderate Stress,Yes,0.00%,0.4825
2022-09-01,Arusha,Severe Stress,Yes,0.00%,0.4825
2022-09-01,Morogoro,Crop Failure,Yes,15.00%,0.4825
2022-09-01,Morogoro,Moderate Stress,Yes,0.00%,0.4825
2022-10-01,Arusha,Moderate Stress,Yes,0.00%,0.57075
2022-10-01,Arusha,Days Since,Yes,0.00%,0.57075
2022-10-01,Arusha,Climate Drought,Yes,100.00%,0.57075
2022-10-01,Arusha,Any Climate,Yes,0.00%,0.57075
2022-10-01,Dar es Salaam,Crop Failure,Yes,15.00%,0.57075
2022-10-01,Dar es Salaam,Moderate Stress,Yes,0.00%,0.57075
2022-10-01,Dar es Salaam,Severe Stress,Yes,0.00%,0.57075
2022-10-01,Dar es Salaam,Climate Drought,Yes,100.00%,0.57075
2022-10-01,Dar es Salaam,Any Climate,Yes,0.00%,0.57075
2022-10-01,Dodoma,Climate Drought,Yes,100.00%,0.57075
2022-10-01,Dodoma,Any Climate,Yes,0.00%,0.57075
2022-10-01,Mbeya,Climate Drought,Yes,100.00%,0.57075
2022-10-01,Mbeya,Any Climate,Yes,0.00%,0.57075
2022-10-01,Morogoro,Crop Failure,Yes,15.00%,0.57075
2022-10-01,Morogoro,Moderate Stress,Yes,0.00%,0.57075
2022-10-01,Morogoro,Severe Stress,Yes,0.00%,0.57075
2022-10-01,Morogoro,Climate Drought,Yes,100.00%,0.57075
2022-10-01,Morogoro,Any Climate,Yes,0.00%,0.57075
2022-10-01,Mwanza,Climate Drought,Yes,100.00%,0.57075
2022-10-01,Mwanza,Any Climate,Yes,0.00%,0.57075
2022-11-01,Dar es Salaam,Crop Failure,Yes,15.00%,0.45125
2022-11-01,Dar es Salaam,Moderate Stress,Yes,0.00%,0.45125
2022-11-01,Dar es Salaam,Severe Stress,Yes,0.00%,0.45125
2022-11-01,Morogoro,Days Since,Yes,0.00%,0.45125
2022-11-01,Mwanza,Crop Failure,Yes,15.00%,0.45125
2022-11-01,Mwanza,Moderate Stress,Yes,0.00%,0.45125
2022-12-01,Dar es Salaam,Days Since,Yes,0.00%,0.389
2022-12-01,Mbeya,Flood,Yes,62.50%,0.389
2022-12-01,Mbeya,Any,Yes,0.00%,0.389
2022-12-01,Mwanza,Days Since,Yes,0.00%,0.389
2023-03-01,Dar es Salaam,Crop Failure,Yes,15.00%,0.18375
2023-03-01,Dar es Salaam,Moderate Stress,Yes,0.00%,0.18375
2023-03-01,Dar es Salaam,Severe Stress,Yes,0.00%,0.18375
2023-03-01,Morogoro,Trigger Severity Left,Yes,0.00%,0.18375
2023-03-01,Mwanza,Flood,Yes,62.50%,0.18375
2023-03-01,Mwanza,Any,Yes,0.00%,0.18375
2023-04-01,Arusha,Flood,Yes,43.75%,0.292
2023-04-01,Arusha,Any,Yes,0.00%,0.292
2023-04-01,Arusha,Crop Failure,Yes,15.00%,0.292
2023-04-01,Arusha,Moderate Stress,Yes,0.00%,0.292
2023-04-01,Dar es Salaam,Flood,Yes,43.75%,0.292
2023-04-01,Dar es Salaam,Any,Yes,0.00%,0.292
2023-04-01,Dar es Salaam,Days Since,Yes,0.00%,0.292
2023-04-01,Mbeya,Flood,Yes,43.75%,0.292
2023-04-01,Mbeya,Any,Yes,0.00%,0.292
2023-05-01,Arusha,Days Since,Yes,0.00%,0.3667499999999999
2023-05-01,Mbeya,Flood,Yes,43.75%,0.3667499999999999
2023-05-01,Mbeya,Any,Yes,0.00%,0.3667499999999999
2023-06-01,Mbeya,Flood,Yes,43.75%,0.3602499999999999
2023-06-01,Mbeya,Any,Yes,0.00%,0.3602499999999999
2023-08-01,Arusha,Climate Flood,Yes,75.00%,0.59025
2023-08-01,Arusha,Any Climate,Yes,0.00%,0.59025
2023-08-01,Dar es Salaam,Climate Flood,Yes,75.00%,0.59025
2023-08-01,Dar es Salaam,Any Climate,Yes,0.00%,0.59025
2023-08-01,Dodoma,Climate Flood,Yes,75.00%,0.59025
2023-08-01,Dodoma,Any Climate,Yes,0.00%,0.59025
2023-08-01,Mbeya,Climate Flood,Yes,75.00%,0.59025
2023-08-01,Mbeya,Any Climate,Yes,0.00%,0.59025
2023-08-01,Morogoro,Climate Flood,Yes,75.00%,0.59025
2023-08-01,Morogoro,Any Climate,Yes,0.00%,0.59025
2023-08-01,Mwanza,Climate Flood,Yes,75.00%,0.59025
2023-08-01,Mwanza,Any Climate,Yes,0.00%,0.59025
2023-09-01,Arusha,Climate Flood,Yes,75.00%,0.5885
2023-09-01,Arusha,Any Climate,Yes,0.00%,0.5885
2023-09-01,Dar es Salaam,Climate Flood,Yes,75.00%,0.5885
2023-09-01,Dar es Salaam,Any Climate,Yes,0.00%,0.5885
2023-09-01,Dodoma,Climate Flood,Yes,75.00%,0.5885
2023-09-01,Dodoma,Any Climate,Yes,0.00%,0.5885
2023-09-01,Mbeya,Climate Flood,Yes,75.00%,0.5885
2023-09-01,Mbeya,Any Climate,Yes,0.00%,0.5885
2023-09-01,Morogoro,Climate Flood,Yes,75.00%,0.5885
2023-09-01,Morogoro,Any Climate,Yes,0.00%,0.5885
2023-09-01,Mwanza,Climate Flood,Yes,75.00%,0.5885
2023-09-01,Mwanza,Any Climate,Yes,0.00%,0.5885
2023-10-01,Arusha,Climate Flood,Yes,75.00%,0.637
2023-10-01,Arusha,Any Climate,Yes,0.00%,0.637
2023-10-01,Dar es Salaam,Climate Flood,Yes,75.00%,0.637
2023-10-01,Dar es Salaam,Any Climate,Yes,0.00%,0.637
2023-10-01,Dodoma,Climate Flood,Yes,75.00%,0.637
2023-10-01,Dodoma,Any Climate,Yes,0.00%,0.637
2023-10-01,Mbeya,Climate Flood,Yes,75.00%,0.637
2023-10-01,Mbeya,Any Climate,Yes,0.00%,0.637
2023-10-01,Morogoro,Climate Flood,Yes,75.00%,0.637
2023-10-01,Morogoro,Any Climate,Yes,0.00%,0.637
2023-10-01,Mwanza,Climate Flood,Yes,75.00%,0.637
2023-10-01,Mwanza,Any Climate,Yes,0.00%,0.637
2023-11-01,Arusha,Climate Flood,Yes,75.00%,0.7340000000000001
2023-11-01,Arusha,Any Climate,Yes,0.00%,0.7340000000000001
2023-11-01,Dar es Salaam,Climate Flood,Yes,75.00%,0.7340000000000001
2023-11-01,Dar es Salaam,Any Climate,Yes,0.00%,0.7340000000000001
2023-11-01,Dodoma,Climate Flood,Yes,75.00%,0.7340000000000001
2023-11-01,Dodoma,Any Climate,Yes,0.00%,0.7340000000000001
2023-11-01,Mbeya,Climate Flood,Yes,75.00%,0.7340000000000001
2023-11-01,Mbeya,Any Climate,Yes,0.00%,0.7340000000000001
2023-11-01,Morogoro,Climate Flood,Yes,75.00%,0.7340000000000001
2023-11-01,Morogoro,Any Climate,Yes,0.00%,0.7340000000000001
2023-11-01,Mwanza,Flood,Yes,43.75%,0.7340000000000001
2023-11-01,Mwanza,Any,Yes,0.00%,0.7340000000000001
2023-11-01,Mwanza,Climate Flood,Yes,75.00%,0.7340000000000001
2023-11-01,Mwanza,Any Climate,Yes,0.00%,0.7340000000000001
2023-12-01,Arusha,Climate Flood,Yes,75.00%,0.76275
2023-12-01,Arusha,Any Climate,Yes,0.00%,0.76275
2023-12-01,Dar es Salaam,Climate Flood,Yes,75.00%,0.76275
2023-12-01,Dar es Salaam,Any Climate,Yes,0.00%,0.76275
2023-12-01,Dodoma,Climate Flood,Yes,75.00%,0.76275
2023-12-01,Dodoma,Any Climate,Yes,0.00%,0.76275
2023-12-01,Mbeya,Flood,Yes,43.75%,0.76275
2023-12-01,Mbeya,Any,Yes,0.00%,0.76275
2023-12-01,Mbeya,Climate Flood,Yes,75.00%,0.76275
2023-12-01,Mbeya,Any Climate,Yes,0.00%,0.76275
2023-12-01,Morogoro,Climate Flood,Yes,75.00%,0.76275
2023-12-01,Morogoro,Any Climate,Yes,0.00%,0.76275
2023-12-01,Mwanza,Flood,Yes,62.50%,0.76275
2023-12-01,Mwanza,Any,Yes,0.00%,0.76275
2023-12-01,Mwanza,Climate Flood,Yes,75.00%,0.76275
2023-12-01,Mwanza,Any Climate,Yes,0.00%,0.76275
2024-01-01,Arusha,Climate Flood,Yes,75.00%,0.74725
2024-01-01,Arusha,Any Climate,Yes,0.00%,0.74725
2024-01-01,Dar es Salaam,Flood,Yes,62.50%,0.74725
2024-01-01,Dar es Salaam,Any,Yes,0.00%,0.74725
2024-01-01,Dar es Salaam,Climate Flood,Yes,75.00%,0.74725
2024-01-01,Dar es Salaam,Any Climate,Yes,0.00%,0.74725
2024-01-01,Dodoma,Flood,Yes,43.75%,0.74725
2024-01-01,Dodoma,Any,Yes,0.00%,0.74725
2024-01-01,Dodoma,Climate Flood,Yes,75.00%,0.74725
2024-01-01,Dodoma,Any Climate,Yes,0.00%,0.74725
2024-01-01,Mbeya,Climate Flood,Yes,75.00%,0.74725
2024-01-01,Mbeya,Any Climate,Yes,0.00%,0.74725
2024-01-01,Morogoro,Flood,Yes,62.50%,0.74725
2024-01-01,Morogoro,Any,Yes,0.00%,0.74725
2024-01-01,Morogoro,Climate Flood,Yes,75.00%,0.74725
2024-01-01,Morogoro,Any Climate,Yes,0.00%,0.74725
2024-01-01,Mwanza,Climate Flood,Yes,75.00%,0.74725
2024-01-01,Mwanza,Any Climate,Yes,0.00%,0.74725
2024-02-01,Dar es Salaam,Flood,Yes,43.75%,0.418
2024-02-01,Dar es Salaam,Any,Yes,0.00%,0.418
2024-02-01,Mbeya,Flood,Yes,62.50%,0.418
2024-02-01,Mbeya,Any,Yes,0.00%,0.418
2024-03-01,Dar es Salaam,Flood,Yes,43.75%,0.4132499999999999
2024-03-01,Dar es Salaam,Any,Yes,0.00%,0.4132499999999999
2024-03-01,Mbeya,Flood,Yes,43.75%,0.4132499999999999
2024-03-01,Mbeya,Any,Yes,0.00%,0.4132499999999999
2024-04-01,Arusha,Flood,Yes,62.50%,0.372
2024-04-01,Arusha,Any,Yes,0.00%,0.372
2024-04-01,Dar es Salaam,Flood,Yes,62.50%,0.372
2024-04-01,Dar es Salaam,Any,Yes,0.00%,0.372
2024-04-01,Dar es Salaam,Crop Failure,Yes,15.00%,0.372
2024-04-01,Dar es Salaam,Moderate Stress,Yes,0.00%,0.372
2024-04-01,Dar es Salaam,Severe Stress,Yes,0.00%,0.372
2024-04-01,Mbeya,Flood,Yes,43.75%,0.372
2024-04-01,Mbeya,Any,Yes,0.00%,0.372
2024-04-01,Morogoro,Flood,Yes,43.75%,0.372
2024-04-01,Morogoro,Any,Yes,0.00%,0.372
2024-04-01,Mwanza,Flood,Yes,43.75%,0.372
2024-04-01,Mwanza,Any,Yes,0.00%,0.372
2024-05-01,Arusha,Flood,Yes,43.75%,0.19225
2024-05-01,Arusha,Any,Yes,0.00%,0.19225
2024-05-01,Dar es Salaam,Flood,Yes,43.75%,0.19225
2024-05-01,Dar es Salaam,Any,Yes,0.00%,0.19225
2024-05-01,Dar es Salaam,Days Since,Yes,0.00%,0.19225
2024-05-01,Mbeya,Flood,Yes,43.75%,0.19225
2024-05-01,Mbeya,Any,Yes,0.00%,0.19225
2024-05-01,Morogoro,Flood,Yes,43.75%,0.19225
2024-05-01,Morogoro,Any,Yes,0.00%,0.19225
2024-06-01,Dar es Salaam,Flood,Yes,43.75%,0.15925
2024-06-01,Dar es Salaam,Any,Yes,0.00%,0.15925
2024-06-01,Mbeya,Flood,Yes,43.75%,0.15925
2024-06-01,Mbeya,Any,Yes,0.00%,0.15925
2025-02-01,Arusha,Trigger Severity Left,Yes,0.00%,0.1159999999999999
2025-02-01,Mbeya,Trigger Severity Left,Yes,0.00%,0.1159999999999999
2025-02-01,Morogoro,Trigger Severity Left,Yes,0.00%,0.1159999999999999
2025-02-01,Mwanza,Trigger Severity Left,Yes,0.00%,0.1159999999999999
2025-04-01,Arusha,Flood,Yes,43.75%,0.15725
2025-04-01,Arusha,Any,Yes,0.00%,0.15725
2025-04-01,Dar es Salaam,Flood,Yes,43.75%,0.15725
2025-04-01,Dar es Salaam,Any,Yes,0.00%,0.15725
2025-05-01,Dar es Salaam,Flood,Yes,43.75%,0.19725
2025-05-01,Dar es Salaam,Any,Yes,0.00%,0.19725
2025-09-01,Mbeya,Trigger Severity Left,Yes,0.00%,0.288
2025-11-01,Arusha,Trigger Severity Left,Yes,0.00%,
2025-12-01,Arusha,Crop Failure,Yes,0.00%,
2025-12-01,Arusha,Severe Stress,Yes,0.00%,
2025-12-01,Dodoma,Crop Failure,Yes,15.00%,
2025-12-01,Dodoma,Severe Stress,Yes,0.00%,
